fecha,ice_conc,temperatura,espesor_de_hielo
2015-01-01,0.43,269.48,0.02
2015-01-02,0.4,270.0,0.56
2015-01-03,1.96,267.08,0.69
2015-01-04,1.92,272.48,0.46
2015-01-05,0.54,273.4,0.43
2015-01-06,5.82,273.56,0.26
2015-01-07,2.46,271.64,0.13
2015-01-08,1.05,272.45,0.0
2015-01-09,0.72,272.71,0.0
2015-01-10,0.34,271.9,0.0
2015-01-11,0.0,270.9,0.0
2015-01-12,1.2,271.89,0.0
2015-01-13,0.9,274.0,0.18
2015-01-14,0.03,271.02,0.51
2015-01-15,3.38,266.61,1.22
2015-01-16,1.48,268.2,1.68
2015-01-17,0.3,272.73,1.61
2015-01-18,0.12,270.46,1.86
2015-01-19,2.11,274.02,1.61
2015-01-20,4.9,273.7,1.69
2015-01-21,0.41,271.97,1.4
2015-01-22,0.0,272.2,1.11
2015-01-23,0.95,272.28,1.05
2015-01-24,0.51,273.67,0.39
2015-01-25,1.75,273.33,0.06
2015-01-26,0.21,272.68,0.02
2015-01-27,0.62,273.51,0.02
2015-01-28,0.7,272.36,0.04
2015-01-29,0.0,271.17,0.04
2015-01-30,0.48,271.63,0.02
2015-01-31,0.0,270.73,0.06
2015-02-01,0.54,269.38,0.12
2015-02-02,2.4,269.32,0.11
2015-02-03,3.34,272.77,0.13
2015-02-04,1.54,273.36,0.11
2015-02-05,0.62,272.79,0.11
2015-02-06,0.0,273.02,0.07
2015-02-07,0.0,274.02,0.04
2015-02-08,0.23,272.68,0.04
2015-02-09,0.9,271.59,0.03
2015-02-10,0.0,272.51,0.03
2015-02-11,0.0,270.52,0.13
2015-02-12,0.0,269.71,0.22
2015-02-13,1.32,272.83,0.23
2015-02-14,1.02,272.27,0.22
2015-02-15,0.0,272.07,0.15
2015-02-16,0.19,272.04,0.15
2015-02-17,0.0,273.58,0.07
2015-02-18,0.33,273.22,0.02
2015-02-19,0.58,271.87,0.02
2015-02-20,1.06,273.44,0.01
2015-02-21,1.23,273.96,0.01
2015-02-22,0.92,271.88,0.01
2015-02-23,0.76,272.8,0.01
2015-02-24,4.58,272.77,0.02
2015-02-25,2.34,271.24,0.03
2015-02-26,1.31,272.2,0.04
2015-02-27,0.3,271.74,0.06
2015-02-28,1.86,270.79,0.08
2015-03-01,0.04,270.43,0.12
2015-03-02,0.57,273.44,0.09
2015-03-03,0.0,273.22,0.07
2015-03-04,0.0,273.96,0.03
2015-03-05,0.0,273.48,0.01
2015-03-06,0.0,272.74,0.02
2015-03-07,0.0,271.4,0.05
2015-03-08,0.14,271.94,0.01
2015-03-09,0.0,274.18,0.0
2015-03-10,0.65,273.83,0.0
2015-03-11,0.0,273.35,0.02
2015-03-12,0.0,273.47,0.0
2015-03-13,0.52,272.59,0.0
2015-03-14,0.92,271.83,0.0
2015-03-15,0.63,271.18,0.02
2015-03-16,0.0,271.32,0.02
2015-03-17,0.04,269.66,0.06
2015-03-18,1.6,272.94,0.07
2015-03-19,1.92,272.39,0.08
2015-03-20,1.17,273.11,0.07
2015-03-21,0.14,273.22,0.06
2015-03-22,0.65,272.75,0.04
2015-03-23,0.5,273.54,0.03
2015-03-24,0.77,271.24,0.04
2015-03-25,7.24,268.68,0.04
2015-03-26,1.6,271.33,0.01
2015-03-27,2.21,272.0,0.01
2015-03-28,0.54,272.73,0.06
2015-03-29,0.19,273.24,0.06
2015-03-30,0.19,274.76,0.07
2015-03-31,0.0,273.09,0.06
2015-04-01,0.52,272.67,0.03
2015-04-02,0.22,273.4,0.03
2015-04-03,0.0,272.82,0.01
2015-04-04,0.04,273.34,0.0
2015-04-05,0.0,273.59,0.0
2015-04-06,0.0,273.01,0.0
2015-04-07,0.0,273.16,0.0
2015-04-08,0.0,270.58,0.0
2015-04-09,0.0,272.2,0.05
2015-04-10,0.0,272.21,0.05
2015-04-11,0.3,272.03,0.07
2015-04-12,1.52,270.53,0.12
2015-04-13,0.34,270.08,0.15
2015-04-14,0.21,267.49,0.21
2015-04-15,0.0,273.35,0.18
2015-04-16,0.21,267.93,0.2
2015-04-17,0.08,267.13,0.25
2015-04-18,0.0,270.65,0.22
2015-04-19,0.25,272.68,0.13
2015-04-20,0.25,271.88,0.11
2015-04-21,0.0,273.75,0.08
2015-04-22,0.0,273.06,0.05
2015-04-23,0.0,273.28,0.05
2015-04-24,0.0,271.68,0.0
2015-04-25,0.0,269.51,0.02
2015-04-26,0.0,272.42,0.03
2015-04-27,0.0,271.98,0.04
2015-04-28,0.0,270.59,0.07
2015-04-29,0.4,267.71,0.14
2015-04-30,0.19,275.5,0.11
2015-05-01,0.48,275.79,0.08
2015-05-02,0.07,272.45,0.04
2015-05-03,0.54,268.86,0.02
2015-05-04,0.0,268.85,0.14
2015-05-05,0.08,266.18,0.22
2015-05-06,0.1,269.36,0.22
2015-05-07,0.0,274.53,0.22
2015-05-08,0.0,272.32,0.22
2015-05-09,0.0,274.22,0.22
2015-05-10,0.0,272.65,0.06
2015-05-11,0.0,269.04,0.04
2015-05-12,0.15,271.55,0.02
2015-05-13,0.0,272.44,0.07
2015-05-14,0.0,271.98,0.07
2015-05-15,0.0,271.46,0.09
2015-05-16,0.0,272.63,0.09
2015-05-17,0.0,268.74,0.17
2015-05-18,0.0,271.83,0.08
2015-05-19,0.0,272.22,0.05
2015-05-20,0.0,272.47,0.0
2015-05-21,1.93,271.94,0.06
2015-05-22,1.93,269.01,0.11
2015-05-23,1.31,266.76,0.21
2015-05-24,4.0,270.81,0.23
2015-05-25,7.93,270.41,0.21
2015-05-26,8.19,268.06,0.33
2015-05-27,6.94,272.83,0.31
2015-05-28,6.98,273.13,0.15
2015-05-29,3.86,271.09,0.09
2015-05-30,5.19,270.53,0.12
2015-05-31,1.21,271.27,0.07
2015-06-01,0.83,272.59,0.07
2015-06-02,0.44,271.29,0.19
2015-06-03,0.88,273.21,0.19
2015-06-04,1.54,272.85,0.12
2015-06-05,5.61,271.77,0.12
2015-06-06,5.03,272.18,0.1
2015-06-07,9.16,273.05,0.08
2015-06-08,7.01,273.26,0.0
2015-06-09,3.59,269.39,0.0
2015-06-10,2.37,272.98,0.04
2015-06-11,4.62,272.91,0.03
2015-06-12,7.81,272.07,0.0
2015-06-13,11.24,273.19,0.0
2015-06-14,15.39,271.56,0.02
2015-06-15,17.38,268.9,0.03
2015-06-16,22.23,273.51,0.0
2015-06-17,24.23,271.23,0.02
2015-06-18,28.39,274.86,0.0
2015-06-19,21.34,271.36,0.0
2015-06-20,13.78,272.46,0.03
2015-06-21,19.72,270.83,0.01
2015-06-22,25.35,268.96,0.02
2015-06-23,23.72,272.56,0.04
2015-06-24,20.62,273.05,0.03
2015-06-25,17.31,270.0,0.08
2015-06-26,11.56,273.6,0.03
2015-06-27,10.84,272.24,0.08
2015-06-28,19.6,270.37,0.1
2015-06-29,20.95,270.7,0.05
2015-06-30,24.03,268.24,0.22
2015-07-01,27.3,273.4,0.24
2015-07-02,25.3,273.83,0.14
2015-07-03,28.26,269.85,0.29
2015-07-04,35.19,273.68,0.14
2015-07-05,44.06,265.2,0.14
2015-07-06,47.85,267.75,0.17
2015-07-07,43.96,273.54,0.06
2015-07-08,41.45,268.98,0.1
2015-07-09,36.25,264.37,0.22
2015-07-10,26.63,271.52,0.16
2015-07-11,15.66,273.51,0.14
2015-07-12,21.61,273.06,0.09
2015-07-13,23.97,272.21,0.03
2015-07-14,28.01,271.55,0.03
2015-07-15,30.98,270.22,0.03
2015-07-16,29.79,272.32,0.0
2015-07-17,27.06,273.4,0.0
2015-07-18,27.19,271.53,0.0
2015-07-19,31.63,271.47,0.0
2015-07-20,37.68,270.17,0.07
2015-07-21,37.14,271.67,0.23
2015-07-22,43.08,269.9,0.34
2015-07-23,44.66,272.03,0.79
2015-07-24,47.93,269.38,1.01
2015-07-25,49.43,272.21,1.24
2015-07-26,59.01,269.32,1.14
2015-07-27,56.43,273.74,0.95
2015-07-28,54.5,272.74,0.59
2015-07-29,55.42,270.23,0.41
2015-07-30,56.55,269.96,0.16
2015-07-31,52.98,275.05,0.05
2015-08-01,52.52,271.84,0.06
2015-08-02,52.3,266.58,0.01
2015-08-03,50.55,264.28,0.13
2015-08-04,46.51,262.17,0.36
2015-08-06,35.5,261.27,0.42
2015-08-07,36.86,256.93,0.61
2015-08-08,36.57,260.82,0.76
2015-08-09,32.39,261.08,0.87
2015-08-10,30.0,260.1,0.97
2015-08-11,35.27,264.21,0.95
2015-08-12,34.25,267.16,0.89
2015-08-13,32.36,270.09,0.96
2015-08-14,21.88,268.83,0.91
2015-08-15,22.06,270.3,0.89
2015-08-16,30.68,273.39,0.69
2015-08-17,38.1,273.63,0.37
2015-08-18,52.72,275.34,0.09
2015-08-19,62.06,270.87,0.01
2015-08-20,64.79,261.03,0.02
2015-08-21,72.15,262.31,0.1
2015-08-22,68.32,260.44,0.34
2015-08-23,60.17,258.76,0.97
2015-08-24,54.41,262.41,1.23
2015-08-25,49.56,254.8,1.41
2015-08-26,46.17,256.33,1.46
2015-08-27,44.4,258.29,1.61
2015-08-28,44.8,256.82,1.66
2015-08-29,50.72,263.25,1.59
2015-08-30,50.43,262.87,1.57
2015-08-31,48.9,265.76,1.51
2015-09-01,44.7,267.37,1.37
2015-09-02,41.99,268.42,1.29
2015-09-03,45.19,265.77,1.22
2015-09-04,43.54,270.58,0.92
2015-09-05,43.68,269.64,0.62
2015-09-06,40.74,263.66,0.65
2015-09-07,39.3,260.48,0.76
2015-09-08,37.32,262.07,1.24
2015-09-09,46.52,259.23,1.51
2015-09-10,46.98,261.35,1.57
2015-09-11,44.36,264.66,1.7
2015-09-12,44.23,263.91,1.79
2015-09-13,45.24,256.58,1.87
2015-09-14,50.8,259.92,1.97
2015-09-15,54.8,259.34,2.05
2015-09-16,50.99,262.23,1.97
2015-09-17,54.86,260.5,2.01
2015-09-18,58.12,267.43,2.08
2015-09-19,61.13,260.76,2.14
2015-09-20,54.28,271.38,1.89
2015-09-21,44.44,272.82,1.43
2015-09-22,39.34,271.93,0.76
2015-09-23,23.23,272.87,0.37
2015-09-24,21.3,273.82,0.17
2015-09-25,15.14,272.68,0.16
2015-09-26,18.69,271.14,0.12
2015-09-27,22.0,275.14,0.07
2015-09-28,22.99,272.33,0.11
2015-09-29,22.32,270.44,0.03
2015-09-30,24.04,266.6,0.13
2015-10-01,21.89,272.1,0.21
2015-10-02,25.46,267.09,0.57
2015-10-03,30.17,271.99,0.46
2015-10-04,24.54,271.85,0.55
2015-10-05,28.88,271.5,0.41
2015-10-06,25.81,272.5,0.38
2015-10-07,21.68,271.36,0.34
2015-10-08,21.94,271.88,0.41
2015-10-09,27.17,275.22,0.32
2015-10-10,26.92,269.82,0.37
2015-10-11,24.72,269.51,0.41
2015-10-12,18.26,271.21,0.51
2015-10-13,17.78,268.09,0.77
2015-10-14,14.51,269.62,0.96
2015-10-15,14.87,271.7,1.05
2015-10-16,13.64,273.51,1.05
2015-10-17,14.15,273.93,0.66
2015-10-18,18.92,274.68,0.2
2015-10-19,13.14,272.17,0.2
2015-10-20,4.59,273.9,0.1
2015-10-21,4.95,275.5,0.0
2015-10-22,3.63,275.3,0.0
2015-10-23,4.77,274.93,0.0
2015-10-24,3.2,271.52,0.0
2015-10-25,4.37,272.86,0.0
2015-10-26,3.14,275.16,0.0
2015-10-27,0.81,274.5,0.0
2015-10-28,0.26,275.68,0.0
2015-10-29,2.51,271.53,0.0
2015-10-30,1.67,275.38,0.0
2015-10-31,0.04,269.43,0.0
2015-11-01,0.0,271.03,0.0
2015-11-02,0.0,274.05,0.05
2015-11-03,0.07,273.04,0.15
2015-11-04,0.0,275.44,0.15
2015-11-05,0.32,273.4,0.02
2015-11-06,0.29,271.83,0.09
2015-11-07,0.14,271.6,0.02
2015-11-08,0.0,272.77,0.05
2015-11-09,0.0,272.08,0.05
2015-11-10,0.0,271.36,0.06
2015-11-11,5.45,273.4,0.12
2015-11-12,0.0,270.13,0.35
2015-11-13,0.0,271.39,0.47
2015-11-14,0.0,272.35,0.44
2015-11-15,0.0,271.49,0.58
2015-11-16,0.0,272.71,0.63
2015-11-17,1.06,264.97,0.97
2015-11-18,5.92,272.17,1.07
2015-11-19,0.0,267.22,1.0
2015-11-20,0.0,266.41,0.98
2015-11-21,0.0,260.27,1.13
2015-11-22,0.0,265.5,0.96
2015-11-23,0.33,265.57,1.01
2015-11-24,0.0,270.37,0.77
2015-11-25,0.92,264.77,0.78
2015-11-26,0.0,271.02,0.71
2015-11-27,0.0,270.78,0.53
2015-11-28,0.0,271.4,0.5
2015-11-29,0.4,272.23,0.38
2015-11-30,1.31,270.4,0.51
2015-12-01,1.32,269.47,0.44
2015-12-02,0.0,262.25,0.32
2015-12-03,0.63,269.41,0.58
2015-12-04,1.57,266.0,0.64
2015-12-05,1.89,267.89,0.76
2015-12-06,0.0,270.65,1.06
2015-12-07,0.26,270.64,1.1
2015-12-08,0.88,270.62,1.14
2015-12-09,1.79,268.29,0.86
2015-12-10,1.1,271.45,0.55
2015-12-11,4.46,268.61,0.48
2015-12-12,2.79,267.96,0.42
2015-12-13,0.91,265.3,1.01
2015-12-14,0.3,264.93,1.07
2015-12-15,0.37,260.62,1.35
2015-12-16,0.15,259.96,2.15
2015-12-17,1.61,267.0,2.54
2015-12-18,0.94,268.91,2.44
2015-12-19,0.0,269.46,2.48
2015-12-20,0.17,271.37,1.68
2015-12-21,0.0,267.3,1.18
2015-12-22,0.21,269.29,0.79
2015-12-23,0.0,265.22,0.84
2015-12-24,0.0,268.21,0.74
2015-12-25,1.43,270.07,0.63
2015-12-26,2.4,269.86,0.62
2015-12-27,0.58,267.38,0.98
2015-12-28,0.62,267.35,1.0
2015-12-29,0.74,269.43,0.92
2015-12-30,0.76,269.75,0.81
2015-12-31,0.29,271.19,0.56
2016-01-01,0.34,271.72,0.06
2016-01-02,0.43,273.6,0.03
2016-01-03,0.0,272.53,0.04
2016-01-04,1.67,273.94,0.0
2016-01-05,2.08,273.17,0.0
2016-01-06,1.82,274.42,0.0
2016-01-07,0.92,274.04,0.0
2016-01-08,0.48,273.33,0.0
2016-01-09,1.57,273.57,0.0
2016-01-10,0.59,274.13,0.0
2016-01-11,4.44,272.25,0.0
2016-01-12,2.17,272.72,0.0
2016-01-13,0.9,271.67,0.02
2016-01-14,0.87,273.31,0.0
2016-01-15,0.43,273.71,0.0
2016-01-16,0.25,272.97,0.0
2016-01-17,0.15,273.33,0.0
2016-01-18,0.37,272.67,0.0
2016-01-19,0.14,271.59,0.0
2016-01-20,0.0,273.78,0.0
2016-01-21,0.0,274.18,0.0
2016-01-22,2.51,274.39,0.0
2016-01-23,0.29,273.36,0.0
2016-01-24,5.31,274.44,0.0
2016-01-25,4.19,273.23,0.0
2016-01-26,1.24,271.24,0.0
2016-01-27,0.07,272.35,0.0
2016-01-28,1.21,270.26,0.0
2016-01-29,0.0,274.27,0.0
2016-01-30,0.0,269.48,0.0
2016-01-31,0.74,272.19,0.07
2016-02-01,2.55,273.26,0.05
2016-02-02,4.61,271.93,0.08
2016-02-03,1.09,274.31,0.05
2016-02-04,3.12,270.97,0.06
2016-02-05,5.23,272.2,0.12
2016-02-06,3.6,272.44,0.09
2016-02-07,0.28,270.9,0.07
2016-02-08,0.0,273.96,0.09
2016-02-09,0.22,274.33,0.04
2016-02-10,1.74,273.09,0.12
2016-02-11,1.06,273.15,0.11
2016-02-12,1.59,273.88,0.07
2016-02-13,1.97,274.12,0.03
2016-02-14,2.7,274.22,0.02
2016-02-15,0.73,273.71,0.01
2016-02-16,10.58,274.23,0.01
2016-02-17,0.0,272.97,0.0
2016-02-18,0.0,272.87,0.01
2016-02-19,1.01,274.65,0.01
2016-02-20,0.0,274.3,0.01
2016-02-21,0.0,273.94,0.03
2016-02-22,2.03,270.44,0.05
2016-02-23,1.54,273.63,0.06
2016-02-24,2.03,272.99,0.08
2016-02-25,0.4,274.5,0.06
2016-02-26,0.65,274.13,0.02
2016-02-27,1.16,274.25,0.02
2016-02-28,0.0,274.61,0.0
2016-02-29,2.98,273.91,0.0
2016-03-01,0.41,272.43,0.0
2016-03-02,2.29,271.82,0.0
2016-03-03,0.0,271.21,0.0
2016-03-04,2.97,271.15,0.1
2016-03-05,2.39,271.89,0.14
2016-03-06,0.0,273.33,0.14
2016-03-07,1.77,271.73,0.17
2016-03-08,0.26,269.92,0.17
2016-03-09,0.73,270.33,0.19
2016-03-10,0.19,272.69,0.17
2016-03-11,2.12,270.67,0.2
2016-03-12,0.88,272.78,0.16
2016-03-13,2.62,272.67,0.18
2016-03-14,0.0,271.13,0.15
2016-03-15,0.21,273.97,0.11
2016-03-16,0.18,272.03,0.08
2016-03-17,0.41,270.5,0.11
2016-03-18,2.08,270.48,0.11
2016-03-19,0.59,271.71,0.12
2016-03-20,0.0,271.85,0.1
2016-03-21,0.18,271.41,0.09
2016-03-22,0.0,270.28,0.16
2016-03-23,0.0,273.43,0.16
2016-03-24,0.55,272.73,0.11
2016-03-25,0.0,273.35,0.05
2016-03-26,2.28,274.42,0.04
2016-03-27,0.7,275.0,0.04
2016-03-28,1.5,270.33,0.04
2016-03-29,2.91,271.87,0.02
2016-03-30,0.0,272.74,0.02
2016-03-31,0.0,272.57,0.05
2016-04-01,0.91,273.35,0.04
2016-04-02,0.19,272.9,0.03
2016-04-03,0.03,272.09,0.03
2016-04-04,0.12,274.06,0.0
2016-04-05,0.0,269.09,0.0
2016-04-06,0.8,268.21,0.0
2016-04-07,0.17,271.66,0.03
2016-04-08,0.11,268.54,0.11
2016-04-09,0.77,265.19,0.24
2016-04-10,0.0,267.84,0.36
2016-04-11,0.08,268.33,0.45
2016-04-12,0.46,266.81,0.49
2016-04-13,0.0,270.2,0.49
2016-04-14,0.0,272.27,0.49
2016-04-15,0.0,272.43,0.48
2016-04-16,0.22,270.43,0.3
2016-04-17,0.0,270.25,0.21
2016-04-18,0.0,272.97,0.13
2016-04-19,0.0,272.31,0.07
2016-04-20,0.0,271.39,0.07
2016-04-21,0.0,271.21,0.12
2016-04-22,0.0,270.64,0.17
2016-04-23,0.0,271.74,0.13
2016-04-24,0.0,267.03,0.16
2016-04-25,0.0,266.53,0.23
2016-04-26,0.0,265.31,0.28
2016-04-27,0.0,264.27,0.54
2016-04-28,0.0,269.01,0.6
2016-04-29,0.0,266.5,0.65
2016-04-30,0.0,269.02,0.69
2016-05-01,0.0,269.42,0.72
2016-05-02,0.28,270.08,0.69
2016-05-03,0.0,271.37,0.58
2016-05-04,0.87,270.28,0.49
2016-05-05,1.05,270.91,0.39
2016-05-06,1.64,270.42,0.37
2016-05-07,1.32,271.72,0.33
2016-05-08,0.68,270.8,0.22
2016-05-09,0.98,270.93,0.28
2016-05-10,0.81,270.68,0.34
2016-05-11,0.0,271.68,0.29
2016-05-12,0.0,272.74,0.25
2016-05-13,1.31,272.95,0.17
2016-05-14,0.0,273.34,0.1
2016-05-15,0.0,270.02,0.1
2016-05-16,0.88,272.47,0.07
2016-05-17,2.1,272.7,0.05
2016-05-18,0.19,274.3,0.04
2016-05-19,0.72,271.42,0.03
2016-05-20,0.0,270.39,0.0
2016-05-21,0.0,267.42,0.01
2016-05-22,0.39,271.32,0.04
2016-05-23,0.34,269.39,0.07
2016-05-24,0.66,264.15,0.29
2016-05-25,2.39,265.02,0.56
2016-05-26,0.0,265.15,0.79
2016-05-27,0.26,269.12,0.95
2016-05-28,0.0,270.44,0.72
2016-05-29,0.94,268.73,0.84
2016-05-30,0.0,268.2,0.78
2016-05-31,1.96,270.66,0.5
2016-06-01,0.5,261.97,0.46
2016-06-02,0.12,260.7,0.47
2016-06-03,0.0,260.53,0.52
2016-06-04,0.0,262.62,0.59
2016-06-05,0.0,261.27,0.63
2016-06-06,0.0,258.72,0.69
2016-06-07,0.0,262.8,0.73
2016-06-08,0.0,265.2,0.68
2016-06-09,0.0,264.0,0.58
2016-06-10,0.0,266.47,0.49
2016-06-11,0.0,268.33,0.45
2016-06-12,0.0,266.0,0.41
2016-06-13,0.0,266.8,0.32
2016-06-14,0.0,266.7,0.27
2016-06-15,0.0,265.79,0.32
2016-06-16,0.22,265.66,0.31
2016-06-17,0.26,262.31,0.37
2016-06-18,0.52,264.48,0.41
2016-06-19,0.0,265.4,0.41
2016-06-20,1.17,263.99,0.45
2016-06-21,0.0,263.17,0.45
2016-06-22,0.0,264.21,0.44
2016-06-23,0.43,265.3,0.43
2016-06-24,0.0,266.6,0.44
2016-06-25,0.41,265.77,0.48
2016-06-26,1.9,266.26,0.49
2016-06-27,0.3,268.14,0.5
2016-06-28,0.11,268.72,0.48
2016-06-29,0.0,265.62,0.47
2016-06-30,0.0,263.3,0.38
2016-07-01,0.01,261.11,0.43
2016-07-02,0.0,259.2,0.47
2016-07-03,0.0,257.6,0.58
2016-07-04,0.0,259.98,0.68
2016-07-05,0.0,260.97,0.71
2016-07-06,5.41,263.93,0.72
2016-07-07,8.81,266.27,0.74
2016-07-08,9.19,266.04,0.75
2016-07-09,7.23,264.3,0.7
2016-07-10,9.7,268.52,0.66
2016-07-11,8.33,267.39,0.49
2016-07-12,9.68,266.03,0.44
2016-07-13,10.28,268.03,0.39
2016-07-14,9.28,266.89,0.38
2016-07-15,9.61,259.29,0.46
2016-07-16,5.12,256.46,0.49
2016-07-17,0.95,256.77,0.54
2016-07-18,1.66,256.95,0.75
2016-07-19,0.0,260.16,0.75
2016-07-20,0.0,263.3,0.76
2016-07-21,0.0,260.87,0.8
2016-07-22,0.18,269.97,0.75
2016-07-23,0.34,271.1,0.68
2016-07-24,4.87,270.56,0.48
2016-07-25,5.52,270.73,0.28
2016-07-26,6.07,268.48,0.25
2016-07-27,4.7,267.02,0.31
2016-07-28,0.43,271.0,0.25
2016-07-29,0.0,271.53,0.18
2016-07-30,0.0,272.83,0.15
2016-07-31,1.1,271.14,0.25
2016-08-01,4.01,272.14,0.29
2016-08-02,5.81,272.35,0.17
2016-08-03,0.62,273.51,0.04
2016-08-04,0.0,266.32,0.03
2016-08-05,1.54,268.19,0.14
2016-08-06,1.31,268.86,0.31
2016-08-07,0.69,268.38,0.24
2016-08-08,1.23,269.52,0.25
2016-08-09,1.64,270.19,0.32
2016-08-10,3.89,267.72,0.43
2016-08-11,3.41,267.68,0.43
2016-08-12,6.59,266.68,0.35
2016-08-13,13.24,267.12,0.49
2016-08-14,15.68,261.34,0.57
2016-08-15,25.77,265.19,0.66
2016-08-16,29.03,266.76,0.75
2016-08-17,33.3,266.39,0.76
2016-08-18,39.09,268.02,0.84
2016-08-19,46.12,268.06,0.86
2016-08-20,53.02,270.74,0.77
2016-08-21,61.02,269.36,0.71
2016-08-22,56.66,267.24,0.71
2016-08-23,55.54,270.81,0.52
2016-08-24,57.3,269.96,0.43
2016-08-25,56.14,272.26,0.27
2016-08-26,53.67,269.03,0.35
2016-08-27,49.71,273.74,0.24
2016-08-28,51.59,273.5,0.19
2016-08-29,38.54,273.5,0.06
2016-08-30,42.73,273.16,0.03
2016-08-31,43.59,273.19,0.0
2016-09-01,46.7,274.38,0.03
2016-09-02,40.76,270.24,0.03
2016-09-03,27.48,272.33,0.03
2016-09-04,29.94,273.45,0.03
2016-09-05,25.85,275.71,0.03
2016-09-06,20.39,273.32,0.0
2016-09-07,16.4,267.08,0.03
2016-09-08,12.03,272.69,0.01
2016-09-09,15.68,274.26,0.03
2016-09-10,22.17,270.39,0.07
2016-09-11,18.39,271.38,0.03
2016-09-12,20.99,270.83,0.21
2016-09-13,17.12,273.7,0.38
2016-09-14,13.85,272.95,0.16
2016-09-15,10.91,272.42,0.23
2016-09-16,10.9,268.18,0.34
2016-09-17,10.57,271.82,0.58
2016-09-18,8.32,274.2,0.28
2016-09-19,6.57,272.95,0.24
2016-09-20,4.17,273.47,0.15
2016-09-21,4.08,270.51,0.51
2016-09-22,2.97,273.34,0.29
2016-09-23,3.57,271.87,0.24
2016-09-24,0.0,272.17,0.21
2016-09-25,0.0,273.65,0.23
2016-09-26,2.08,272.23,0.2
2016-09-27,1.27,272.19,0.29
2016-09-28,1.06,271.4,0.24
2016-09-29,0.0,272.21,0.31
2016-09-30,1.77,271.04,0.19
2016-10-01,0.0,270.0,0.28
2016-10-02,0.0,272.33,0.3
2016-10-03,0.0,273.5,0.24
2016-10-04,0.0,271.8,0.18
2016-10-05,1.42,272.55,0.17
2016-10-06,0.4,272.83,0.24
2016-10-07,0.0,273.67,0.12
2016-10-08,0.0,272.97,0.11
2016-10-09,0.84,272.03,0.06
2016-10-10,0.12,272.63,0.14
2016-10-11,0.36,272.44,0.18
2016-10-12,0.25,270.66,0.33
2016-10-13,1.82,272.15,0.44
2016-10-14,0.0,275.66,0.44
2016-10-15,0.58,273.64,0.36
2016-10-16,0.0,270.88,0.3
2016-10-17,0.0,270.89,0.22
2016-10-18,0.09,273.41,0.21
2016-10-19,0.0,271.86,0.21
2016-10-20,0.0,270.16,0.22
2016-10-21,0.0,271.37,0.62
2016-10-22,0.0,272.13,0.66
2016-10-23,0.0,272.61,0.66
2016-10-24,0.0,273.61,0.68
2016-10-25,0.0,274.3,0.72
2016-10-26,0.0,273.13,0.79
2016-10-27,0.0,273.09,0.55
2016-10-28,0.0,272.07,0.31
2016-10-29,0.14,273.02,0.14
2016-10-30,0.0,271.73,0.2
2016-10-31,1.97,270.49,0.19
2016-11-01,0.44,273.49,0.16
2016-11-02,0.88,272.48,0.22
2016-11-03,0.0,273.26,0.17
2016-11-04,1.13,273.13,0.07
2016-11-05,1.38,272.84,0.06
2016-11-06,0.54,273.68,0.0
2016-11-07,0.5,273.22,0.0
2016-11-08,0.15,274.4,0.0
2016-11-09,0.06,273.18,0.0
2016-11-10,0.0,273.34,0.0
2016-11-11,0.0,273.29,0.0
2016-11-12,0.0,273.64,0.0
2016-11-13,0.0,272.7,0.0
2016-11-14,0.0,273.57,0.0
2016-11-15,0.0,272.86,0.0
2016-11-16,0.0,272.58,0.0
2016-11-17,0.0,272.73,0.01
2016-11-18,0.0,273.3,0.0
2016-11-19,0.0,273.27,0.0
2016-11-20,0.32,273.72,0.0
2016-11-21,0.0,273.65,0.0
2016-11-22,1.89,273.24,0.09
2016-11-23,0.0,273.3,0.09
2016-11-24,0.0,272.97,0.09
2016-11-25,1.74,273.9,0.0
2016-11-26,1.31,272.94,0.0
2016-11-27,0.3,272.76,0.0
2016-11-28,0.22,273.57,0.0
2016-11-29,1.19,272.79,0.0
2016-11-30,0.0,272.99,0.0
2016-12-01,0.52,273.53,0.0
2016-12-02,0.37,273.21,0.0
2016-12-03,0.46,272.88,0.0
2016-12-04,1.59,272.67,0.01
2016-12-05,0.0,273.18,0.01
2016-12-06,0.61,273.56,0.01
2016-12-07,0.86,273.22,0.0
2016-12-08,0.19,273.08,0.0
2016-12-09,0.15,272.59,0.06
2016-12-10,0.74,273.09,0.02
2016-12-11,0.63,272.94,0.03
2016-12-12,0.25,272.76,0.01
2016-12-13,1.16,274.04,0.0
2016-12-14,0.55,273.66,0.0
2016-12-15,0.0,271.77,0.0
2016-12-16,0.0,272.5,0.0
2016-12-17,0.52,271.94,0.0
2016-12-18,1.57,273.24,0.0
2016-12-19,0.55,273.89,0.0
2016-12-20,0.26,272.63,0.02
2016-12-21,0.0,273.64,0.0
2016-12-22,2.73,272.78,0.0
2016-12-23,0.5,273.42,0.0
2016-12-24,0.22,273.46,0.0
2016-12-25,0.0,273.34,0.0
2016-12-26,0.0,273.73,0.01
2016-12-27,1.88,274.37,0.0
2016-12-28,0.58,272.84,0.0
2016-12-29,0.84,274.08,0.0
2016-12-30,0.44,273.16,0.0
2016-12-31,0.39,273.31,0.04
2017-01-01,0.21,273.72,0.0
2017-01-02,0.19,274.3,0.0
2017-01-03,1.3,275.13,0.0
2017-01-04,1.02,274.58,0.0
2017-01-05,2.8,275.06,0.0
2017-01-06,1.12,275.44,0.0
2017-01-07,0.0,274.05,0.0
2017-01-08,0.1,272.67,0.0
2017-01-09,0.0,270.81,0.0
2017-01-10,0.0,270.72,0.0
2017-01-11,1.5,272.36,0.0
2017-01-12,0.76,274.95,0.0
2017-01-13,1.16,274.1,0.0
2017-01-14,0.8,274.87,0.03
2017-01-15,2.19,273.17,0.0
2017-01-16,6.83,272.68,0.0
2017-01-17,2.54,273.51,0.0
2017-01-18,0.01,272.91,0.0
2017-01-19,0.0,271.47,0.17
2017-01-20,4.95,272.76,0.33
2017-01-21,0.0,274.0,0.33
2017-01-22,0.0,274.14,0.0
2017-01-23,0.0,273.33,0.33
2017-01-24,0.58,273.96,0.0
2017-01-25,0.77,274.07,0.0
2017-01-26,0.0,273.22,0.0
2017-01-27,0.0,273.89,0.0
2017-01-28,0.0,274.6,0.0
2017-01-29,0.0,274.55,0.0
2017-01-30,0.0,273.67,0.0
2017-01-31,0.0,273.43,0.0
2017-02-01,0.84,272.07,0.03
2017-02-02,0.41,272.74,0.03
2017-02-03,2.33,273.55,0.07
2017-02-04,2.08,273.38,0.08
2017-02-05,1.97,272.52,0.08
2017-02-06,1.05,273.68,0.07
2017-02-07,2.46,273.09,0.07
2017-02-08,1.05,272.84,0.06
2017-02-09,0.0,273.42,0.03
2017-02-10,0.03,273.88,0.01
2017-02-11,0.0,273.26,0.01
2017-02-12,0.0,272.49,0.01
2017-02-13,0.0,273.91,0.03
2017-02-14,0.0,274.23,0.03
2017-02-15,0.0,272.87,0.02
2017-02-16,0.0,274.79,0.02
2017-02-17,0.0,273.38,0.02
2017-02-18,2.01,273.69,0.04
2017-02-19,1.81,273.91,0.03
2017-02-20,0.36,275.14,0.02
2017-02-21,0.29,275.45,0.0
2017-02-22,0.0,274.38,0.01
2017-02-23,0.81,274.92,0.01
2017-02-24,0.0,273.41,0.02
2017-02-25,0.0,274.88,0.0
2017-02-26,2.47,273.94,0.0
2017-02-27,0.8,273.92,0.0
2017-02-28,0.22,273.42,0.01
2017-03-01,2.36,273.73,0.03
2017-03-02,0.03,273.07,0.05
2017-03-03,0.03,274.48,0.04
2017-03-04,0.0,272.65,0.05
2017-03-05,0.0,273.89,0.05
2017-03-06,0.0,274.81,0.05
2017-03-07,0.0,275.8,0.02
2017-03-08,0.0,275.09,0.01
2017-03-09,0.0,273.9,0.0
2017-03-10,0.0,274.7,0.0
2017-03-11,0.22,274.61,0.0
2017-03-12,0.0,273.27,0.0
2017-03-13,0.0,273.65,0.0
2017-03-14,0.0,272.55,0.01
2017-03-15,0.0,272.89,0.01
2017-03-16,0.43,274.02,0.03
2017-03-17,0.0,273.28,0.05
2017-03-18,0.0,274.87,0.04
2017-03-19,0.47,274.07,0.06
2017-03-20,0.0,272.54,0.05
2017-03-21,0.0,271.86,0.03
2017-03-22,0.26,274.93,0.0
2017-03-23,1.02,274.45,0.0
2017-03-24,0.46,275.3,0.0
2017-03-25,0.0,271.92,0.01
2017-03-26,0.0,270.99,0.02
2017-03-27,0.4,274.72,0.0
2017-03-28,0.0,271.03,0.02
2017-03-29,0.0,273.43,0.03
2017-03-30,0.57,272.9,0.03
2017-03-31,0.0,272.19,0.04
2017-04-01,0.86,273.89,0.04
2017-04-02,1.23,276.97,0.01
2017-04-03,0.0,273.92,0.0
2017-04-04,2.0,269.6,0.0
2017-04-05,0.0,268.01,0.04
2017-04-06,0.0,271.54,0.03
2017-04-07,0.0,273.38,0.0
2017-04-08,0.0,274.4,0.0
2017-04-09,0.0,270.92,0.01
2017-04-10,0.0,267.55,0.09
2017-04-11,0.3,273.06,0.07
2017-04-12,0.0,274.76,0.03
2017-04-13,0.0,273.1,0.04
2017-04-14,0.0,271.49,0.04
2017-04-15,0.0,272.3,0.08
2017-04-16,0.0,273.55,0.06
2017-04-17,0.0,272.95,0.02
2017-04-18,0.14,273.56,0.02
2017-04-19,9.17,273.56,0.03
2017-04-20,0.9,271.94,0.02
2017-04-21,0.0,270.69,0.03
2017-04-22,0.0,269.64,0.05
2017-04-23,0.0,270.0,0.11
2017-04-24,0.0,271.44,0.19
2017-04-25,0.0,271.39,0.21
2017-04-26,0.0,270.77,0.21
2017-04-27,0.0,270.77,0.23
2017-04-28,0.0,272.87,0.21
2017-04-29,0.0,270.25,0.21
2017-04-30,0.0,274.4,0.15
2017-05-01,0.0,273.03,0.1
2017-05-02,0.26,270.1,0.03
2017-05-03,1.17,271.22,0.01
2017-05-04,3.21,266.82,0.04
2017-05-05,2.95,265.74,0.15
2017-05-06,2.65,273.17,0.09
2017-05-07,2.94,274.5,0.09
2017-05-08,2.07,273.9,0.05
2017-05-09,0.32,273.07,0.05
2017-05-10,0.0,274.0,0.0
2017-05-11,0.25,272.96,0.0
2017-05-12,0.43,269.94,0.0
2017-05-13,0.62,272.25,0.0
2017-05-14,0.99,271.01,0.0
2017-05-15,0.0,271.65,0.02
2017-05-16,0.41,264.08,0.06
2017-05-17,0.0,267.94,0.14
2017-05-18,0.0,266.86,0.19
2017-05-19,0.0,265.49,0.32
2017-05-20,2.17,268.58,0.38
2017-05-21,0.26,266.96,0.48
2017-05-22,0.0,266.96,0.59
2017-05-23,1.26,270.23,0.54
2017-05-24,1.38,264.91,0.68
2017-05-25,3.1,264.68,0.66
2017-05-26,4.55,264.2,0.69
2017-05-27,5.93,266.12,0.78
2017-05-28,6.59,264.11,0.84
2017-05-29,5.94,266.36,0.9
2017-05-30,6.48,264.46,0.89
2017-05-31,5.32,265.96,0.77
2017-06-01,2.07,266.56,0.68
2017-06-02,1.3,261.81,0.54
2017-06-03,0.41,261.49,0.55
2017-06-04,0.54,265.95,0.45
2017-06-05,4.73,266.41,0.34
2017-06-06,5.89,262.2,0.28
2017-06-07,8.94,262.13,0.36
2017-06-08,8.21,258.79,0.43
2017-06-09,17.45,259.26,0.59
2017-06-10,21.82,258.99,0.61
2017-06-11,24.46,258.59,0.63
2017-06-12,29.71,263.4,0.62
2017-06-13,31.13,259.42,0.63
2017-06-14,26.44,264.72,0.6
2017-06-15,22.26,268.65,0.6
2017-06-16,20.73,267.14,0.48
2017-06-17,16.08,265.38,0.41
2017-06-18,17.83,262.9,0.36
2017-06-19,18.52,266.73,0.35
2017-06-20,19.43,261.29,0.29
2017-06-21,22.86,259.38,0.33
2017-06-22,31.49,262.46,0.32
2017-06-23,39.64,261.1,0.33
2017-06-24,38.3,260.38,0.37
2017-06-25,32.7,261.61,0.35
2017-06-26,25.28,264.44,0.37
2017-06-27,16.92,263.73,0.39
2017-06-28,11.78,264.25,0.33
2017-06-29,9.56,261.88,0.3
2017-06-30,4.48,258.96,0.34
2017-07-01,3.52,257.79,0.34
2017-07-02,1.74,258.38,0.36
2017-07-03,1.21,257.13,0.39
2017-07-04,16.92,262.36,0.38
2017-07-05,13.23,257.83,0.41
2017-07-06,3.56,256.08,0.49
2017-07-07,2.23,260.58,0.47
2017-07-08,0.58,257.62,0.59
2017-07-09,0.0,255.04,0.61
2017-07-10,0.0,252.18,0.58
2017-07-11,0.11,251.26,0.73
2017-07-12,0.0,251.89,0.81
2017-07-13,1.7,258.19,0.79
2017-07-14,10.43,253.27,0.89
2017-07-15,13.27,256.54,0.99
2017-07-16,13.64,260.06,0.91
2017-07-17,14.46,265.38,0.85
2017-07-18,14.28,258.59,0.68
2017-07-19,17.77,257.86,0.61
2017-07-20,16.76,258.63,0.62
2017-07-21,18.23,262.1,0.57
2017-07-22,18.69,266.67,0.55
2017-07-23,17.59,257.0,0.58
2017-07-24,21.14,255.83,0.62
2017-07-25,22.74,256.3,0.7
2017-07-26,18.28,260.27,0.69
2017-07-27,23.01,260.4,0.61
2017-07-28,25.83,260.51,0.59
2017-07-29,21.39,263.89,0.59
2017-07-30,16.44,257.78,0.61
2017-07-31,27.46,258.28,0.6
2017-08-01,20.66,258.52,0.61
2017-08-02,17.06,255.53,0.74
2017-08-03,13.21,255.45,0.79
2017-08-04,9.54,260.73,0.79
2017-08-05,11.93,263.86,0.79
2017-08-06,16.14,261.53,0.7
2017-08-07,15.34,263.74,0.67
2017-08-08,17.21,262.52,0.63
2017-08-09,14.94,258.74,0.66
2017-08-10,8.62,256.95,0.69
2017-08-11,6.36,256.22,0.83
2017-08-12,6.74,256.52,0.94
2017-08-13,7.1,254.91,1.03
2017-08-14,13.6,255.73,1.1
2017-08-15,14.25,254.39,1.17
2017-08-16,17.75,256.49,1.25
2017-08-17,21.23,258.6,1.25
2017-08-18,21.37,261.45,1.21
2017-08-19,26.15,262.7,1.18
2017-08-20,28.99,262.52,1.14
2017-08-21,34.66,262.78,1.1
2017-08-22,41.52,265.84,1.02
2017-08-23,52.22,263.88,0.89
2017-08-24,57.57,263.39,0.88
2017-08-25,60.47,260.55,0.98
2017-08-26,60.19,259.69,1.17
2017-08-27,50.0,259.41,1.35
2017-08-28,49.2,259.43,1.42
2017-08-29,53.66,255.84,1.52
2017-08-30,45.97,255.83,1.63
2017-08-31,34.95,253.44,1.62
2017-09-01,26.84,255.69,1.69
2017-09-02,18.23,256.96,1.85
2017-09-03,17.42,260.78,1.88
2017-09-04,18.29,260.11,1.91
2017-09-05,12.23,260.38,1.86
2017-09-06,4.12,264.58,1.72
2017-09-07,0.0,268.6,1.73
2017-09-08,0.0,264.72,1.76
2017-09-09,0.0,261.83,1.68
2017-09-10,0.0,257.79,1.78
2017-09-11,0.0,261.5,1.8
2017-09-12,0.62,264.73,1.76
2017-09-13,1.92,266.82,1.76
2017-09-14,13.52,266.84,1.61
2017-09-15,24.99,261.43,1.62
2017-09-16,29.28,260.21,1.71
2017-09-17,26.69,258.66,1.71
2017-09-18,27.53,257.8,1.96
2017-09-19,23.64,257.49,2.17
2017-09-20,17.05,255.76,2.49
2017-09-21,10.92,263.02,2.49
2017-09-22,14.34,262.48,2.43
2017-09-23,6.68,262.18,2.33
2017-09-24,8.58,256.3,2.4
2017-09-25,7.81,261.66,2.41
2017-09-26,5.12,267.24,2.22
2017-09-27,2.84,263.52,2.17
2017-09-28,1.77,267.41,2.16
2017-09-29,0.87,268.2,2.14
2017-09-30,1.09,268.23,2.0
2017-10-01,1.26,270.88,1.71
2017-10-02,0.47,271.5,1.45
2017-10-03,0.0,266.82,1.33
2017-10-04,0.0,272.31,1.04
2017-10-05,0.0,271.31,0.93
2017-10-06,0.0,273.73,0.68
2017-10-07,0.0,274.52,0.4
2017-10-08,0.0,273.26,0.18
2017-10-09,0.0,273.94,0.05
2017-10-10,0.0,275.02,0.05
2017-10-11,0.5,274.76,0.0
2017-10-12,0.0,273.39,0.0
2017-10-13,0.0,272.67,0.0
2017-10-14,0.19,272.73,0.0
2017-10-15,0.3,275.19,0.11
2017-10-16,0.3,274.4,0.11
2017-10-17,0.0,274.32,0.0
2017-10-18,0.0,272.63,0.0
2017-10-19,0.0,274.3,0.0
2017-10-20,0.22,274.69,0.0
2017-10-21,0.22,274.59,0.0
2017-10-22,0.08,272.12,0.0
2017-10-23,0.0,276.35,0.0
2017-10-24,0.0,275.26,0.0
2017-10-25,0.0,275.27,0.0
2017-10-26,0.36,271.84,0.0
2017-10-27,0.14,271.87,0.0
2017-10-28,0.14,274.78,0.0
2017-10-29,0.97,271.58,0.0
2017-10-30,0.48,274.39,0.0
2017-10-31,2.23,274.04,0.04
2017-11-01,0.06,272.8,0.08
2017-11-02,0.0,274.16,0.04
2017-11-03,0.0,270.94,0.0
2017-11-04,0.0,272.91,0.04
2017-11-05,0.0,273.94,0.0
2017-11-06,0.0,274.2,0.0
2017-11-07,0.18,276.26,0.0
2017-11-08,0.95,275.46,0.0
2017-11-09,0.0,274.27,0.0
2017-11-10,0.0,273.99,0.0
2017-11-11,1.57,274.0,0.0
2017-11-12,1.63,274.76,0.0
2017-11-13,1.09,273.54,0.0
2017-11-14,0.79,273.32,0.0
2017-11-15,0.0,274.26,0.0
2017-11-16,0.0,273.78,0.0
2017-11-17,1.26,273.71,0.0
2017-11-18,0.86,274.7,0.0
2017-11-19,4.55,274.54,0.0
2017-11-20,0.54,273.92,0.0
2017-11-21,0.5,275.87,0.0
2017-11-22,0.33,275.82,0.0
2017-11-23,0.7,275.26,0.0
2017-11-24,1.81,274.28,0.0
2017-11-25,0.92,274.75,0.0
2017-11-26,0.73,275.46,0.0
2017-11-27,0.07,274.93,0.0
2017-11-28,1.31,273.93,0.0
2017-11-29,0.76,273.31,0.0
2017-11-30,0.0,273.58,0.0
2017-12-01,0.0,274.56,0.0
2017-12-02,2.43,275.61,0.0
2017-12-03,1.81,273.61,0.0
2017-12-04,0.0,274.08,0.0
2017-12-05,0.14,273.65,0.0
2017-12-06,1.42,273.51,0.0
2017-12-07,1.5,275.98,0.0
2017-12-08,0.52,273.04,0.0
2017-12-09,0.07,273.73,0.0
2017-12-10,0.0,273.73,0.0
2017-12-11,0.74,269.02,0.0
2017-12-12,2.3,272.29,0.0
2017-12-13,0.17,273.76,0.0
2017-12-14,4.95,270.8,0.0
2017-12-15,0.8,273.86,0.0
2017-12-16,0.37,273.26,0.0
2017-12-17,0.14,273.19,0.0
2017-12-18,0.8,272.02,0.0
2017-12-19,0.0,273.67,0.0
2017-12-20,0.0,268.94,0.0
2017-12-21,0.15,272.98,0.0
2017-12-22,0.0,273.24,0.0
2017-12-23,1.03,274.63,0.0
2017-12-24,0.0,272.63,0.0
2017-12-25,0.0,273.53,0.0
2017-12-26,0.34,271.1,0.0
2017-12-27,0.51,271.93,0.0
2017-12-28,0.44,267.87,0.0
2017-12-29,0.0,273.48,0.0
2017-12-30,0.0,273.15,0.0
2017-12-31,1.5,274.02,0.0
2018-01-01,0.74,273.08,0.0
2018-01-02,0.0,271.08,0.0
2018-01-03,0.29,273.13,0.0
2018-01-04,0.28,273.46,0.0
2018-01-05,0.48,272.84,0.0
2018-01-06,0.12,273.37,0.0
2018-01-07,0.76,273.59,0.0
2018-01-08,0.61,273.79,0.0
2018-01-09,0.0,271.28,0.0
2018-01-10,0.0,273.14,0.0
2018-01-11,0.12,274.44,0.0
2018-01-12,0.54,274.01,0.0
2018-01-13,1.21,273.76,0.0
2018-01-14,0.88,274.08,0.0
2018-01-15,0.46,273.81,0.0
2018-01-16,0.0,273.6,0.0
2018-01-17,0.0,273.23,0.0
2018-01-18,0.0,273.46,0.0
2018-01-19,0.0,274.44,0.0
2018-01-20,0.0,274.69,0.0
2018-01-21,0.43,273.54,0.0
2018-01-22,0.0,272.23,0.0
2018-01-23,0.0,273.0,0.0
2018-01-24,0.0,273.77,0.0
2018-01-25,0.0,274.1,0.0
2018-01-26,0.0,274.28,0.0
2018-01-27,1.77,273.96,0.0
2018-01-28,0.0,274.1,0.0
2018-01-29,0.0,273.51,0.0
2018-01-30,2.8,273.68,0.0
2018-01-31,1.01,273.77,0.0
2018-02-01,1.52,273.54,0.01
2018-02-02,0.0,275.03,0.01
2018-02-03,0.0,273.48,0.0
2018-02-04,0.0,274.0,0.01
2018-02-05,1.1,273.53,0.01
2018-02-06,0.0,273.45,0.0
2018-02-07,0.0,273.21,0.0
2018-02-08,0.0,273.84,0.0
2018-02-09,0.52,272.8,0.01
2018-02-10,2.4,273.53,0.01
2018-02-11,2.06,274.62,0.0
2018-02-12,0.0,274.4,0.0
2018-02-13,0.0,274.9,0.0
2018-02-14,0.21,273.54,0.0
2018-02-15,0.12,274.16,0.0
2018-02-16,0.0,273.36,0.0
2018-02-17,0.0,273.4,0.0
2018-02-18,0.11,273.8,0.0
2018-02-19,0.88,273.82,0.0
2018-02-20,0.54,274.46,0.0
2018-02-21,0.3,273.8,0.0
2018-02-22,0.83,274.36,0.0
2018-02-23,0.0,273.12,0.0
2018-02-24,0.0,274.81,0.0
2018-02-25,0.0,274.5,0.0
2018-02-26,0.0,274.07,0.0
2018-02-27,0.0,273.69,0.0
2018-02-28,0.55,273.51,0.0
2018-03-01,0.0,275.1,0.0
2018-03-02,2.65,274.19,0.0
2018-03-03,0.28,273.99,0.0
2018-03-04,0.0,274.01,0.0
2018-03-05,0.0,273.82,0.0
2018-03-06,0.4,274.58,0.0
2018-03-07,0.34,274.65,0.0
2018-03-08,0.1,273.62,0.0
2018-03-09,0.14,274.0,0.0
2018-03-10,0.06,273.5,0.0
2018-03-11,0.0,274.26,0.0
2018-03-12,0.0,274.57,0.0
2018-03-13,0.0,272.92,0.0
2018-03-14,0.0,274.22,0.0
2018-03-15,0.0,273.21,0.0
2018-03-16,0.12,275.04,0.0
2018-03-17,0.84,272.21,0.0
2018-03-18,0.52,275.17,0.0
2018-03-19,0.33,272.01,0.0
2018-03-20,0.69,274.65,0.0
2018-03-21,0.0,274.25,0.0
2018-03-22,0.18,274.7,0.0
2018-03-23,0.0,272.55,0.0
2018-03-24,3.3,274.91,0.0
2018-03-25,0.0,274.6,0.0
2018-03-26,0.57,274.87,0.0
2018-03-27,0.0,272.78,0.0
2018-03-28,0.0,273.79,0.0
2018-03-29,0.0,274.6,0.0
2018-03-30,0.14,274.87,0.0
2018-03-31,0.0,272.13,0.0
2018-04-01,0.52,273.19,0.0
2018-04-02,1.39,274.03,0.0
2018-04-03,0.41,272.61,0.0
2018-04-04,0.11,271.29,0.0
2018-04-05,0.0,274.12,0.0
2018-04-06,0.3,271.76,0.0
2018-04-07,0.0,271.87,0.0
2018-04-08,0.0,274.18,0.0
2018-04-09,0.0,274.12,0.0
2018-04-10,1.3,270.6,0.0
2018-04-11,5.77,272.84,0.03
2018-04-12,0.0,273.6,0.06
2018-04-13,0.0,273.4,0.0
2018-04-14,0.0,272.92,0.0
2018-04-15,0.0,272.59,0.02
2018-04-16,1.19,272.91,0.02
2018-04-17,0.43,272.73,0.0
2018-04-18,1.71,275.25,0.0
2018-04-19,0.01,272.76,0.0
2018-04-20,0.57,273.56,0.0
2018-04-21,0.22,274.11,0.0
2018-04-22,2.04,274.21,0.04
2018-04-23,0.0,269.23,0.0
2018-04-24,0.0,270.43,0.08
2018-04-25,0.0,266.49,0.12
2018-04-26,0.0,265.23,0.22
2018-04-27,0.0,267.71,0.34
2018-04-28,0.0,266.58,0.39
2018-04-29,0.0,262.25,0.39
2018-04-30,0.0,269.21,0.4
2018-05-01,0.21,261.44,0.62
2018-05-02,0.0,264.38,0.54
2018-05-03,1.1,267.05,0.56
2018-05-04,0.0,265.08,0.6
2018-05-05,0.0,264.53,0.59
2018-05-06,0.0,267.37,0.53
2018-05-07,0.0,268.06,0.48
2018-05-08,0.0,268.37,0.45
2018-05-09,0.0,268.03,0.42
2018-05-10,0.0,269.37,0.4
2018-05-11,0.0,264.88,0.49
2018-05-12,0.15,267.68,0.42
2018-05-13,0.11,264.01,0.49
2018-05-14,0.0,269.27,0.54
2018-05-15,0.15,266.09,0.61
2018-05-16,0.0,267.67,0.58
2018-05-17,0.0,269.41,0.57
2018-05-18,0.0,268.49,0.51
2018-05-19,0.0,271.26,0.5
2018-05-20,0.0,270.97,0.41
2018-05-21,0.0,269.98,0.38
2018-05-22,0.18,267.57,0.36
2018-05-23,0.12,270.98,0.27
2018-05-24,0.0,271.73,0.27
2018-05-25,0.0,268.21,0.24
2018-05-26,0.0,269.85,0.4
2018-05-27,0.22,270.46,0.31
2018-05-28,0.23,272.95,0.33
2018-05-29,0.29,271.81,0.24
2018-05-30,0.0,271.93,0.19
2018-05-31,0.0,272.58,0.16
2018-06-01,0.15,271.52,0.16
2018-06-02,0.77,273.8,0.13
2018-06-03,1.45,273.67,0.08
2018-06-04,0.0,270.87,0.08
2018-06-05,0.55,272.57,0.06
2018-06-06,0.0,273.34,0.01
2018-06-07,0.0,274.55,0.0
2018-06-08,0.0,272.46,0.0
2018-06-09,0.0,275.59,0.0
2018-06-10,0.06,275.84,0.0
2018-06-11,0.0,273.71,0.0
2018-06-12,0.76,273.23,0.0
2018-06-13,0.65,272.04,0.0
2018-06-14,0.0,269.19,0.0
2018-06-15,0.0,273.16,0.0
2018-06-16,0.0,272.74,0.0
2018-06-17,2.61,272.13,0.0
2018-06-18,1.09,271.94,0.01
2018-06-19,3.94,266.2,0.03
2018-06-20,6.95,268.44,0.06
2018-06-21,12.91,273.81,0.02
2018-06-22,21.74,274.4,0.01
2018-06-23,24.76,266.53,0.03
2018-06-24,34.39,265.25,0.11
2018-06-25,32.63,273.34,0.07
2018-06-26,33.23,268.1,0.05
2018-06-27,35.1,273.76,0.01
2018-06-28,25.48,269.37,0.05
2018-06-29,22.83,269.13,0.08
2018-06-30,24.72,264.82,0.09
2018-07-01,29.6,264.78,0.09
2018-07-02,28.69,263.68,0.17
2018-07-03,31.42,264.89,0.21
2018-07-04,30.5,263.2,0.28
2018-07-05,28.21,259.55,0.29
2018-07-06,21.93,268.2,0.3
2018-07-07,17.38,271.15,0.24
2018-07-08,15.26,268.63,0.21
2018-07-09,10.29,265.27,0.16
2018-07-10,3.9,268.49,0.14
2018-07-11,0.9,266.15,0.14
2018-07-12,10.29,271.73,0.12
2018-07-13,15.24,269.55,0.14
2018-07-14,17.48,270.18,0.23
2018-07-15,15.78,271.5,0.35
2018-07-16,16.79,273.37,0.48
2018-07-17,15.2,270.39,0.48
2018-07-18,11.85,270.68,0.46
2018-07-19,3.94,273.28,0.32
2018-07-20,0.0,273.91,0.13
2018-07-21,0.0,270.44,0.04
2018-07-22,0.0,274.5,0.01
2018-07-23,0.0,273.53,0.0
2018-07-24,0.0,270.45,0.0
2018-07-25,0.0,274.09,0.0
2018-07-26,0.0,263.88,0.0
2018-07-27,0.0,271.08,0.01
2018-07-28,0.0,273.93,0.0
2018-07-29,0.0,272.13,0.01
2018-07-30,0.0,271.79,0.03
2018-07-31,0.0,270.42,0.03
2018-08-01,1.89,274.55,0.03
2018-08-02,3.34,271.7,0.03
2018-08-03,1.64,270.08,0.03
2018-08-04,3.45,275.4,0.03
2018-08-05,0.83,276.41,0.01
2018-08-06,1.5,274.19,0.0
2018-08-07,2.87,273.97,0.0
2018-08-08,2.91,269.49,0.0
2018-08-09,0.0,265.52,0.06
2018-08-10,0.0,254.71,0.06
2018-08-11,0.11,258.88,0.29
2018-08-12,0.48,262.98,0.6
2018-08-13,0.32,267.74,0.66
2018-08-14,0.03,268.13,0.86
2018-08-15,0.0,271.64,0.84
2018-08-16,0.36,264.17,0.88
2018-08-17,1.48,267.38,0.84
2018-08-18,1.74,266.6,0.91
2018-08-19,3.48,271.77,0.82
2018-08-20,0.01,272.3,0.83
2018-08-21,0.22,269.94,0.84
2018-08-22,0.5,273.15,0.55
2018-08-23,0.0,271.11,0.3
2018-08-24,0.0,270.8,0.16
2018-08-25,0.0,271.71,0.12
2018-08-26,0.54,268.84,0.13
2018-08-27,0.37,263.71,0.2
2018-08-28,0.26,271.36,0.18
2018-08-29,0.0,273.7,0.19
2018-08-30,0.14,271.17,0.22
2018-08-31,2.81,269.42,0.3
2018-09-01,0.0,268.57,0.34
2018-09-02,0.0,269.59,0.44
2018-09-03,0.37,272.92,0.27
2018-09-04,1.74,270.81,0.23
2018-09-05,2.28,270.04,0.21
2018-09-06,3.56,270.32,0.22
2018-09-07,1.72,268.8,0.3
2018-09-08,1.53,270.66,0.29
2018-09-09,1.23,270.44,0.25
2018-09-10,0.54,271.23,0.46
2018-09-11,0.29,270.49,0.83
2018-09-12,0.19,270.89,1.01
2018-09-13,6.23,270.08,0.97
2018-09-14,0.0,270.89,0.92
2018-09-15,0.0,270.27,0.81
2018-09-16,0.0,273.33,0.6
2018-09-17,0.0,271.32,0.51
2018-09-18,0.0,271.34,0.45
2018-09-19,0.0,270.72,0.48
2018-09-20,0.0,270.3,0.46
2018-09-21,0.23,272.63,0.43
2018-09-22,0.26,271.54,0.38
2018-09-23,0.18,271.59,0.39
2018-09-24,0.28,268.59,0.38
2018-09-25,0.14,276.38,0.33
2018-09-26,0.8,275.5,0.27
2018-09-27,0.95,270.67,0.28
2018-09-28,0.0,274.06,0.07
2018-09-29,0.0,274.89,0.0
2018-09-30,0.0,273.9,0.0
2018-10-01,0.0,270.93,0.0
2018-10-02,0.0,272.27,0.03
2018-10-03,0.0,273.5,0.1
2018-10-04,0.0,273.26,0.0
2018-10-05,0.0,274.6,0.0
2018-10-06,0.0,275.62,0.0
2018-10-07,0.0,274.45,0.0
2018-10-08,0.0,272.68,0.0
2018-10-09,0.0,274.12,0.0
2018-10-10,0.0,276.09,0.0
2018-10-11,0.0,273.54,0.0
2018-10-12,1.09,274.35,0.0
2018-10-13,4.83,272.57,0.0
2018-10-14,0.17,272.56,0.0
2018-10-15,0.0,274.52,0.0
2018-10-16,0.0,274.77,0.0
2018-10-17,0.0,274.3,0.0
2018-10-18,0.0,272.51,0.0
2018-10-19,0.3,270.44,0.08
2018-10-20,0.0,273.44,0.0
2018-10-21,0.0,274.13,0.0
2018-10-22,0.0,274.06,0.0
2018-10-23,0.0,274.49,0.05
2018-10-24,0.61,273.75,0.13
2018-10-25,0.0,275.3,0.1
2018-10-26,0.11,273.26,0.0
2018-10-27,0.0,275.31,0.0
2018-10-28,0.0,273.33,0.0
2018-10-29,0.62,274.66,0.0
2018-10-30,1.93,271.52,0.0
2018-10-31,0.21,271.91,0.0
2018-11-01,0.25,273.29,0.0
2018-11-02,0.0,273.9,0.0
2018-11-03,1.43,273.27,0.0
2018-11-04,0.0,273.79,0.0
2018-11-05,0.0,272.53,0.04
2018-11-06,0.92,274.1,0.0
2018-11-07,0.0,273.28,0.0
2018-11-08,1.61,273.37,0.0
2018-11-09,0.0,270.73,0.0
2018-11-10,0.69,272.83,0.0
2018-11-11,0.54,273.61,0.0
2018-11-12,0.0,273.52,0.0
2018-11-13,0.0,273.71,0.0
2018-11-14,0.19,273.57,0.0
2018-11-15,0.0,274.1,0.0
2018-11-16,0.0,274.06,0.0
2018-11-17,0.0,273.32,0.0
2018-11-18,0.25,272.53,0.0
2018-11-19,0.0,273.3,0.0
2018-11-20,0.0,273.72,0.0
2018-11-21,0.0,274.7,0.0
2018-11-22,0.0,273.89,0.0
2018-11-23,0.0,274.13,0.0
2018-11-24,0.12,273.85,0.0
2018-11-25,0.0,274.03,0.0
2018-11-26,0.07,274.28,0.0
2018-11-27,0.39,273.44,0.0
2018-11-28,0.79,273.65,0.0
2018-11-29,0.0,273.15,0.0
2018-11-30,0.0,274.99,0.0
2018-12-01,0.0,273.76,0.0
2018-12-02,0.0,274.16,0.0
2018-12-03,3.59,273.7,0.0
2018-12-04,2.23,275.19,0.0
2018-12-05,1.23,274.21,0.0
2018-12-06,0.0,272.96,0.0
2018-12-07,2.76,273.97,0.0
2018-12-08,0.87,274.35,0.0
2018-12-09,0.32,274.35,0.0
2018-12-10,0.08,274.24,0.0
2018-12-11,0.19,274.44,0.0
2018-12-12,0.0,273.52,0.0
2018-12-13,0.04,273.09,0.0
2018-12-14,3.08,274.23,0.0
2018-12-15,0.0,274.15,0.0
2018-12-16,0.41,273.9,0.0
2018-12-17,0.0,275.22,0.0
2018-12-18,1.1,274.03,0.0
2018-12-19,3.32,273.39,0.0
2018-12-20,0.14,274.02,0.0
2018-12-21,0.23,273.39,0.0
2018-12-22,0.0,272.1,0.0
2018-12-23,0.0,273.9,0.0
2018-12-24,0.17,274.23,0.0
2018-12-25,0.15,274.91,0.0
2018-12-26,0.69,271.52,0.0
2018-12-27,0.0,271.79,0.0
2018-12-28,0.01,272.04,0.0
2018-12-29,0.0,272.5,0.0
2018-12-30,0.0,276.83,0.0
2018-12-31,0.0,274.13,0.0
2019-01-01,0.17,273.36,0.0
2019-01-02,1.02,274.46,0.0
2019-01-03,0.97,272.9,0.0
2019-01-04,1.37,272.39,0.0
2019-01-05,0.12,273.41,0.0
2019-01-06,2.37,274.54,0.0
2019-01-07,2.7,273.47,0.0
2019-01-08,0.22,273.89,0.0
2019-01-09,0.23,273.38,0.0
2019-01-10,2.54,273.31,0.0
2019-01-11,2.77,274.14,0.02
2019-01-12,0.0,273.81,0.02
2019-01-13,0.58,273.31,0.03
2019-01-14,0.0,274.2,0.03
2019-01-15,0.46,274.21,0.03
2019-01-16,0.57,273.58,0.02
2019-01-17,1.9,273.19,0.02
2019-01-18,1.66,273.46,0.0
2019-01-19,0.0,274.19,0.0
2019-01-20,0.0,274.63,0.0
2019-01-21,0.25,273.76,0.0
2019-01-22,0.0,273.93,0.0
2019-01-23,0.0,273.9,0.0
2019-01-24,0.0,274.33,0.0
2019-01-25,3.23,274.3,0.0
2019-01-26,1.17,273.04,0.0
2019-01-27,0.12,273.9,0.0
2019-01-28,0.0,274.37,0.0
2019-01-29,0.43,274.0,0.0
2019-01-30,1.61,274.2,0.0
2019-01-31,0.43,275.0,0.0
2019-02-01,1.16,273.7,0.0
2019-02-02,0.0,274.04,0.0
2019-02-03,0.0,274.12,0.0
2019-02-04,0.0,274.01,0.0
2019-02-05,0.0,273.55,0.0
2019-02-06,0.0,273.06,0.0
2019-02-07,2.26,274.26,0.0
2019-02-08,0.0,274.8,0.0
2019-02-09,0.0,274.57,0.0
2019-02-10,0.33,274.77,0.0
2019-02-11,1.46,274.16,0.0
2019-02-12,0.0,276.08,0.0
2019-02-13,2.81,274.85,0.0
2019-02-14,0.0,274.3,0.0
2019-02-15,0.36,274.79,0.0
2019-02-16,1.37,274.86,0.0
2019-02-17,1.03,274.56,0.0
2019-02-18,1.41,274.11,0.0
2019-02-19,0.92,272.81,0.0
2019-02-20,0.92,272.0,0.0
2019-02-21,0.07,273.9,0.0
2019-02-22,0.11,274.48,0.0
2019-02-23,0.22,274.32,0.0
2019-02-24,0.0,274.19,0.0
2019-02-25,0.15,273.82,0.0
2019-02-26,0.0,273.98,0.0
2019-02-27,0.79,274.34,0.0
2019-02-28,0.0,274.74,0.0
2019-03-01,0.0,274.92,0.0
2019-03-02,0.47,274.52,0.0
2019-03-03,0.0,274.98,0.0
2019-03-04,0.29,274.19,0.0
2019-03-05,0.0,273.17,0.0
2019-03-06,4.32,274.67,0.0
2019-03-07,1.59,274.42,0.0
2019-03-08,0.86,275.21,0.0
2019-03-09,0.0,274.29,0.0
2019-03-10,0.0,274.56,0.0
2019-03-11,0.84,274.16,0.0
2019-03-12,0.0,274.03,0.0
2019-03-13,0.81,273.94,0.0
2019-03-14,0.0,273.26,0.0
2019-03-15,0.0,273.12,0.0
2019-03-16,0.14,274.07,0.0
2019-03-17,0.0,274.26,0.0
2019-03-18,0.08,273.96,0.0
2019-03-19,0.22,273.74,0.0
2019-03-20,0.0,274.4,0.0
2019-03-21,0.0,274.03,0.0
2019-03-22,0.0,275.2,0.0
2019-03-23,0.0,275.86,0.0
2019-03-24,0.0,275.04,0.0
2019-03-25,0.0,272.7,0.0
2019-03-26,0.0,273.38,0.0
2019-03-27,0.0,274.52,0.0
2019-03-28,0.0,274.85,0.0
2019-03-29,2.7,273.7,0.0
2019-03-30,0.0,275.37,0.0
2019-03-31,0.0,274.8,0.0
2019-04-01,0.0,275.24,0.0
2019-04-02,0.1,272.46,0.0
2019-04-03,0.0,273.83,0.0
2019-04-04,0.0,272.01,0.0
2019-04-05,0.0,274.48,0.0
2019-04-06,7.64,274.46,0.0
2019-04-07,0.39,271.5,0.0
2019-04-08,0.0,274.2,0.0
2019-04-09,0.0,274.58,0.0
2019-04-10,0.0,274.28,0.0
2019-04-11,0.0,274.02,0.0
2019-04-12,0.0,272.61,0.0
2019-04-13,0.39,267.38,0.0
2019-04-14,0.0,263.72,0.0
2019-04-15,0.0,269.97,0.02
2019-04-16,0.12,268.87,0.05
2019-04-17,0.41,268.26,0.2
2019-04-18,0.0,266.18,0.29
2019-04-19,0.0,265.47,0.44
2019-04-20,0.0,269.14,0.49
2019-04-21,0.0,269.14,0.39
2019-04-22,0.0,264.66,0.4
2019-04-23,0.0,262.88,0.44
2019-04-24,0.0,264.69,0.54
2019-04-25,0.0,263.01,0.57
2019-04-26,0.0,267.16,0.54
2019-04-27,0.33,270.36,0.52
2019-04-28,0.44,267.94,0.53
2019-04-29,0.4,266.9,0.55
2019-04-30,0.73,265.02,0.55
2019-05-01,0.0,265.76,0.53
2019-05-02,0.25,263.34,0.54
2019-05-03,0.0,263.3,0.6
2019-05-04,0.0,259.67,0.66
2019-05-05,0.0,265.52,0.7
2019-05-06,0.0,262.24,0.78
2019-05-07,0.19,266.33,0.76
2019-05-08,0.0,262.13,0.76
2019-05-09,0.58,264.1,0.76
2019-05-10,1.38,262.69,0.81
2019-05-11,0.0,265.18,0.79
2019-05-12,0.0,265.44,0.91
2019-05-13,0.0,270.98,0.82
2019-05-14,0.0,270.45,0.85
2019-05-15,0.0,269.19,0.74
2019-05-16,0.0,268.8,0.58
2019-05-17,2.57,268.26,0.46
2019-05-18,0.19,263.86,0.44
2019-05-19,0.01,266.97,0.43
2019-05-20,0.0,261.58,0.46
2019-05-21,0.0,265.71,0.51
2019-05-22,0.0,265.66,0.63
2019-05-23,1.53,267.39,0.63
2019-05-24,0.0,267.34,0.81
2019-05-25,2.5,269.87,0.7
2019-05-26,6.76,270.35,0.6
2019-05-27,11.14,269.23,0.46
2019-05-28,12.07,271.96,0.38
2019-05-29,11.3,270.3,0.32
2019-05-30,12.9,271.18,0.27
2019-05-31,16.79,265.85,0.26
2019-06-01,11.3,269.48,0.24
2019-06-02,8.33,268.22,0.19
2019-06-03,4.63,265.31,0.15
2019-06-04,4.18,267.38,0.18
2019-06-05,4.79,263.18,0.22
2019-06-06,8.72,264.68,0.26
2019-06-07,13.2,265.02,0.27
2019-06-08,9.41,264.67,0.42
2019-06-09,8.34,266.61,0.39
2019-06-10,19.93,262.63,0.41
2019-06-11,19.71,264.38,0.49
2019-06-12,15.61,262.07,0.45
2019-06-13,10.69,259.66,0.42
2019-06-14,4.47,260.47,0.39
2019-06-15,1.81,259.84,0.36
2019-06-16,0.0,258.76,0.36
2019-06-17,0.0,260.01,0.37
2019-06-18,0.0,256.33,0.38
2019-06-19,0.21,260.92,0.37
2019-06-20,8.61,254.46,0.38
2019-06-21,11.75,255.88,0.44
2019-06-22,10.98,255.11,0.51
2019-06-23,10.4,260.01,0.5
2019-06-24,8.52,261.0,0.51
2019-06-25,20.79,263.28,0.41
2019-06-26,21.99,264.65,0.43
2019-06-27,21.35,263.86,0.37
2019-06-28,22.74,263.01,0.33
2019-06-29,21.12,263.21,0.27
2019-06-30,21.85,261.69,0.33
2019-07-01,22.84,265.1,0.33
2019-07-02,23.82,267.52,0.38
2019-07-03,19.99,268.83,0.41
2019-07-04,14.28,267.58,0.38
2019-07-05,11.93,267.38,0.38
2019-07-06,14.97,264.08,0.33
2019-07-07,15.56,266.21,0.25
2019-07-08,16.21,261.82,0.27
2019-07-09,14.66,261.77,0.23
2019-07-10,15.37,260.58,0.24
2019-07-11,14.83,261.4,0.23
2019-07-12,17.99,262.13,0.21
2019-07-13,13.53,260.06,0.23
2019-07-14,14.79,259.47,0.27
2019-07-15,11.59,257.84,0.33
2019-07-16,7.09,256.04,0.44
2019-07-17,8.33,256.49,0.46
2019-07-18,8.57,257.8,0.53
2019-07-19,11.81,256.63,0.65
2019-07-20,13.57,253.08,0.69
2019-07-21,15.56,253.67,0.82
2019-07-22,14.03,254.22,0.87
2019-07-23,16.86,253.51,0.93
2019-07-24,17.37,257.24,0.93
2019-07-25,19.52,256.22,0.86
2019-07-26,7.64,253.39,0.9
2019-07-27,3.94,254.94,0.8
2019-07-28,7.71,255.59,0.72
2019-07-29,12.9,255.44,0.69
2019-07-30,12.98,255.99,0.59
2019-07-31,15.63,252.76,0.72
2019-08-01,15.83,250.91,0.84
2019-08-02,14.65,251.79,0.81
2019-08-03,12.48,254.77,0.83
2019-08-04,5.61,263.41,0.77
2019-08-05,6.08,263.54,0.79
2019-08-06,13.3,262.0,0.8
2019-08-07,16.34,265.52,0.64
2019-08-08,19.26,258.2,0.66
2019-08-09,23.6,261.41,0.5
2019-08-10,33.32,256.93,0.54
2019-08-11,38.0,256.52,0.69
2019-08-12,38.47,257.2,0.84
2019-08-13,37.63,254.42,0.95
2019-08-14,37.64,255.97,1.03
2019-08-15,35.16,261.92,1.01
2019-08-16,40.15,262.04,1.17
2019-08-17,42.11,259.14,1.21
2019-08-18,41.01,260.47,1.21
2019-08-19,36.63,260.33,1.27
2019-08-20,36.47,262.3,1.13
2019-08-21,33.68,267.4,1.05
2019-08-22,33.9,265.68,0.99
2019-08-23,30.61,267.06,0.9
2019-08-24,29.21,263.84,0.93
2019-08-25,24.15,266.6,1.21
2019-08-26,19.13,266.27,1.31
2019-08-27,19.82,264.79,2.21
2019-08-28,16.11,263.96,2.44
2019-08-29,19.48,264.59,2.76
2019-08-30,22.12,259.5,2.52
2019-08-31,27.37,263.17,2.16
2019-09-01,31.42,261.91,1.59
2019-09-02,31.52,260.28,1.56
2019-09-03,36.94,259.58,1.58
2019-09-04,31.9,259.23,1.6
2019-09-05,24.51,259.86,1.64
2019-09-06,18.66,257.33,1.68
2019-09-07,11.27,255.85,1.71
2019-09-08,4.88,257.32,1.81
2019-09-09,5.71,254.1,1.92
2019-09-10,1.17,264.62,1.91
2019-09-11,6.36,256.86,2.18
2019-09-12,2.14,256.55,2.3
2019-09-13,0.19,259.4,2.34
2019-09-14,1.1,255.55,2.56
2019-09-15,1.82,258.09,2.58
2019-09-16,2.39,255.59,2.48
2019-09-17,2.62,252.77,2.54
2019-09-18,0.25,254.19,2.55
2019-09-19,0.0,257.68,2.55
2019-09-20,0.0,262.0,2.59
2019-09-21,0.25,262.71,2.54
2019-09-22,0.0,262.37,2.48
2019-09-23,0.0,260.13,2.57
2019-09-24,2.34,260.91,2.59
2019-09-25,0.0,259.59,2.55
2019-09-26,0.0,259.28,2.58
2019-09-27,0.0,262.83,2.61
2019-09-28,0.43,265.44,2.59
2019-09-29,4.54,267.54,2.59
2019-09-30,4.39,268.96,2.26
2019-10-01,3.64,269.67,1.77
2019-10-02,0.77,271.03,1.43
2019-10-03,1.77,270.13,1.38
2019-10-04,2.43,270.58,1.34
2019-10-05,4.18,272.47,1.3
2019-10-06,4.11,273.9,1.12
2019-10-07,9.17,270.9,1.04
2019-10-08,5.66,269.74,1.06
2019-10-09,6.8,270.76,0.86
2019-10-10,12.87,271.94,0.64
2019-10-11,15.63,273.11,0.4
2019-10-12,17.88,264.98,0.55
2019-10-13,18.28,273.84,0.59
2019-10-14,14.98,272.02,0.7
2019-10-15,9.86,268.83,0.52
2019-10-16,7.1,271.57,0.43
2019-10-17,1.94,271.88,0.39
2019-10-18,0.0,272.78,0.44
2019-10-19,0.0,272.45,0.38
2019-10-20,0.0,272.62,0.32
2019-10-21,0.0,273.71,0.16
2019-10-22,0.0,271.86,0.13
2019-10-23,0.0,273.72,0.17
2019-10-24,0.19,272.26,0.15
2019-10-25,0.3,273.63,0.09
2019-10-26,0.76,272.87,0.09
2019-10-27,0.0,273.89,0.06
2019-10-28,1.26,273.27,0.05
2019-10-29,1.28,273.65,0.0
2019-10-30,0.0,273.81,0.0
2019-10-31,0.36,274.87,0.0
2019-11-01,2.19,271.86,0.0
2019-11-02,0.46,271.99,0.05
2019-11-03,1.71,272.87,0.05
2019-11-04,0.39,275.05,0.0
2019-11-05,0.06,272.49,0.32
2019-11-06,0.63,274.34,0.41
2019-11-07,0.08,273.96,0.41
2019-11-08,0.0,273.92,0.0
2019-11-09,0.26,273.09,0.0
2019-11-10,2.94,272.69,0.0
2019-11-11,0.0,274.32,0.0
2019-11-12,0.0,271.84,0.0
2019-11-13,0.0,273.66,0.0
2019-11-14,0.87,273.84,0.0
2019-11-15,0.0,275.97,0.0
2019-11-16,0.0,276.2,0.0
2019-11-17,0.0,270.97,0.0
2019-11-18,3.21,274.5,0.0
2019-11-19,1.12,273.9,0.0
2019-11-20,0.61,274.82,0.0
2019-11-21,0.63,275.85,0.0
2019-11-22,0.0,274.81,0.0
2019-11-23,0.0,274.18,0.0
2019-11-24,0.0,267.49,0.0
2019-11-25,0.0,269.74,0.0
2019-11-26,0.28,274.38,0.0
2019-11-27,0.0,274.04,0.0
2019-11-28,1.05,271.56,0.0
2019-11-29,0.4,273.19,0.0
2019-11-30,0.0,274.57,0.0
2019-12-01,1.08,272.94,0.0
2019-12-02,2.33,273.98,0.0
2019-12-03,0.62,272.78,0.0
2019-12-04,4.5,273.67,0.0
2019-12-05,2.11,274.06,0.0
2019-12-06,0.36,273.73,0.0
2019-12-07,1.46,273.5,0.0
2019-12-08,0.83,274.09,0.0
2019-12-09,1.63,273.85,0.0
2019-12-10,1.7,270.67,0.0
2019-12-11,0.22,273.29,0.0
2019-12-12,0.0,272.88,0.0
2019-12-13,0.0,273.31,0.0
2019-12-14,0.0,273.72,0.0
2019-12-15,0.99,273.06,0.0
2019-12-16,0.28,273.5,0.0
2019-12-17,0.5,274.03,0.0
2019-12-18,0.59,274.1,0.0
2019-12-19,1.17,273.9,0.0
2019-12-20,1.05,273.3,0.0
2019-12-21,0.0,273.57,0.0
2019-12-22,0.0,272.69,0.0
2019-12-23,1.02,274.46,0.0
2019-12-24,0.0,273.48,0.0
2019-12-25,0.0,273.6,0.0
2019-12-26,0.0,272.58,0.0
2019-12-27,0.0,273.6,0.0
2019-12-28,0.0,273.5,0.0
2019-12-29,0.0,272.94,0.0
2019-12-30,0.0,274.49,0.0
2019-12-31,0.0,273.25,0.3
2020-01-01,0.0,274.71,0.0
2020-01-02,0.0,274.33,0.0
2020-01-03,0.0,274.39,0.0
2020-01-04,0.0,274.34,0.0
2020-01-05,0.81,272.9,0.0
2020-01-06,0.0,274.22,0.0
2020-01-07,0.0,273.95,0.0
2020-01-08,0.0,273.63,0.0
2020-01-09,0.0,274.43,0.0
2020-01-10,0.26,274.16,0.0
2020-01-11,0.0,273.82,0.0
2020-01-12,0.0,274.71,0.0
2020-01-13,1.03,274.1,0.0
2020-01-14,0.0,273.48,0.0
2020-01-15,0.97,272.86,0.0
2020-01-16,1.38,274.09,0.0
2020-01-17,1.81,274.06,0.0
2020-01-18,2.48,273.62,0.0
2020-01-19,2.0,274.54,0.0
2020-01-20,1.03,274.58,0.0
2020-01-21,1.74,274.41,0.0
2020-01-22,0.0,274.21,0.0
2020-01-23,0.0,273.19,0.0
2020-01-24,0.0,273.4,0.0
2020-01-25,0.0,274.06,0.0
2020-01-26,0.0,273.4,0.0
2020-01-27,0.0,274.62,0.0
2020-01-28,0.0,274.1,0.0
2020-01-29,0.0,274.41,0.0
2020-01-30,0.0,274.83,0.0
2020-01-31,0.0,275.11,0.0
2020-02-01,0.8,274.64,0.0
2020-02-02,0.0,275.23,0.0
2020-02-03,0.0,274.15,0.0
2020-02-04,1.54,274.49,0.0
2020-02-05,1.77,274.49,0.0
2020-02-06,0.37,274.26,0.0
2020-02-07,1.24,274.03,0.0
2020-02-08,2.17,274.51,0.0
2020-02-09,1.93,274.12,0.0
2020-02-10,0.17,274.68,0.0
2020-02-11,0.0,275.09,0.0
2020-02-12,0.0,274.35,0.0
2020-02-13,0.55,275.03,0.0
2020-02-14,0.0,274.64,0.0
2020-02-15,0.0,274.26,0.0
2020-02-16,0.0,274.86,0.0
2020-02-17,2.21,274.17,0.0
2020-02-18,1.37,273.83,0.0
2020-02-19,0.9,273.54,0.0
2020-02-20,1.09,274.18,0.0
2020-02-21,0.0,274.17,0.0
2020-02-22,0.59,273.97,0.0
2020-02-23,2.12,273.98,0.0
2020-02-24,2.83,274.34,0.0
2020-02-25,0.0,274.16,0.0
2020-02-26,0.43,275.21,0.0
2020-02-27,2.06,275.08,0.0
2020-02-28,0.07,275.13,0.0
2020-02-29,0.57,274.02,0.0
2020-03-01,0.3,274.77,0.0
2020-03-02,0.12,274.18,0.0
2020-03-03,0.73,274.94,0.0
2020-03-04,0.0,275.15,0.0
2020-03-05,0.0,274.3,0.0
2020-03-06,0.0,273.69,0.0
2020-03-07,0.59,274.51,0.0
2020-03-08,0.81,273.82,0.0
2020-03-09,0.18,274.84,0.0
2020-03-10,0.18,273.91,0.0
2020-03-11,0.19,273.92,0.0
2020-03-12,0.4,273.42,0.0
2020-03-13,0.0,275.26,0.0
2020-03-14,0.44,274.84,0.0
2020-03-15,0.0,274.81,0.0
2020-03-16,0.0,274.28,0.0
2020-03-17,0.0,273.68,0.0
2020-03-18,2.32,273.58,0.0
2020-03-19,0.23,274.4,0.0
2020-03-20,6.25,273.83,0.0
2020-03-21,0.1,272.85,0.0
2020-03-22,0.0,273.96,0.0
2020-03-23,0.0,273.52,0.0
2020-03-24,3.86,274.3,0.0
2020-03-25,0.0,273.48,0.0
2020-03-26,2.79,274.31,0.0
2020-03-27,1.03,271.93,0.0
2020-03-28,0.0,273.84,0.0
2020-03-29,0.0,275.1,0.0
2020-03-30,0.0,274.05,0.0
2020-03-31,0.0,274.39,0.0
2020-04-01,0.11,273.34,0.0
2020-04-02,0.0,273.49,0.0
2020-04-03,0.12,274.61,0.0
2020-04-04,0.3,269.8,0.0
2020-04-05,1.19,269.04,0.01
2020-04-06,0.29,270.78,0.01
2020-04-07,0.95,271.13,0.04
2020-04-08,0.0,271.26,0.13
2020-04-09,0.44,273.73,0.13
2020-04-10,1.48,270.77,0.14
2020-04-11,0.65,271.54,0.15
2020-04-12,0.44,272.6,0.15
2020-04-13,0.0,269.01,0.13
2020-04-14,0.0,267.45,0.13
2020-04-15,0.0,271.17,0.15
2020-04-16,0.0,267.91,0.25
2020-04-17,0.0,268.38,0.25
2020-04-18,0.0,264.16,0.3
2020-04-19,0.0,263.73,0.35
2020-04-20,0.0,267.62,0.43
2020-04-21,0.15,268.17,0.49
2020-04-22,0.0,270.22,0.51
2020-04-23,0.0,269.9,0.49
2020-04-24,0.0,269.76,0.6
2020-04-25,0.0,269.6,0.52
2020-04-26,0.0,269.16,0.4
2020-04-27,0.0,269.68,0.34
2020-04-28,0.0,266.61,0.29
2020-04-29,0.0,271.17,0.2
2020-04-30,0.0,268.78,0.19
2020-05-01,2.59,264.9,0.2
2020-05-02,0.0,266.47,0.28
2020-05-03,0.0,264.42,0.37
2020-05-04,0.0,268.73,0.35
2020-05-05,0.0,268.1,0.35
2020-05-06,0.0,267.76,0.39
2020-05-07,0.0,266.46,0.44
2020-05-08,0.0,264.65,0.45
2020-05-09,0.0,262.91,0.49
2020-05-10,0.0,269.5,0.37
2020-05-11,0.0,269.78,0.36
2020-05-12,0.29,267.08,0.41
2020-05-13,0.0,270.96,0.42
2020-05-14,0.0,272.92,0.33
2020-05-15,0.0,271.4,0.21
2020-05-16,0.0,273.07,0.1
2020-05-17,0.0,274.83,0.04
2020-05-18,0.0,272.93,0.02
2020-05-19,0.0,272.56,0.01
2020-05-20,0.0,271.42,0.01
2020-05-21,0.0,268.71,0.03
2020-05-22,0.41,266.52,0.06
2020-05-23,0.0,269.56,0.18
2020-05-24,0.0,269.8,0.18
2020-05-25,0.0,267.75,0.27
2020-05-26,0.0,268.67,0.32
2020-05-27,0.0,268.63,0.43
2020-05-28,0.04,266.05,0.54
2020-05-29,0.0,268.02,0.48
2020-05-30,0.0,265.85,0.45
2020-05-31,0.0,267.43,0.45
2020-06-01,0.0,268.49,0.44
2020-06-02,0.0,265.85,0.43
2020-06-03,0.0,260.91,0.57
2020-06-04,0.0,262.85,0.53
2020-06-05,0.0,259.54,0.59
2020-06-06,0.0,260.18,0.66
2020-06-07,0.0,261.49,0.72
2020-06-08,0.0,254.34,0.73
2020-06-09,0.0,260.01,0.71
2020-06-10,10.62,261.04,0.67
2020-06-11,17.27,260.97,0.72
2020-06-12,16.37,257.41,0.64
2020-06-13,9.75,258.54,0.59
2020-06-14,7.66,262.48,0.56
2020-06-15,8.63,259.4,0.54
2020-06-16,5.6,258.15,0.56
2020-06-17,3.61,260.24,0.55
2020-06-18,3.46,266.27,0.52
2020-06-19,4.41,269.25,0.47
2020-06-20,4.34,272.21,0.35
2020-06-21,3.71,273.16,0.35
2020-06-22,5.28,271.0,0.16
2020-06-23,6.5,271.04,0.09
2020-06-24,5.67,267.3,0.07
2020-06-25,5.7,265.75,0.08
2020-06-26,4.18,264.13,0.09
2020-06-27,7.77,263.55,0.11
2020-06-28,10.7,264.85,0.14
2020-06-29,10.48,258.32,0.18
2020-06-30,13.51,258.58,0.2
2020-07-01,15.85,258.39,0.25
2020-07-02,15.1,256.06,0.41
2020-07-03,11.32,253.29,0.48
2020-07-04,10.46,251.59,0.53
2020-07-05,11.01,259.69,0.54
2020-07-06,10.39,259.9,0.49
2020-07-07,8.7,261.26,0.49
2020-07-08,7.77,263.79,0.34
2020-07-09,8.88,264.95,0.27
2020-07-10,7.9,266.66,0.23
2020-07-11,4.87,263.78,0.21
2020-07-12,2.36,266.84,0.25
2020-07-13,2.36,258.37,0.33
2020-07-14,3.52,264.29,0.38
2020-07-15,3.68,267.28,0.45
2020-07-16,5.77,266.76,0.4
2020-07-17,5.7,265.96,0.38
2020-07-18,6.32,265.01,0.39
2020-07-19,4.28,267.97,0.39
2020-07-20,3.68,269.77,0.36
2020-07-21,0.0,267.72,0.28
2020-07-22,0.0,266.33,0.21
2020-07-23,0.0,270.04,0.2
2020-07-24,1.14,264.12,0.18
2020-07-25,4.32,261.69,0.24
2020-07-26,7.46,260.83,0.24
2020-07-27,7.74,260.16,0.28
2020-07-28,11.92,262.14,0.38
2020-07-29,10.9,263.46,0.4
2020-07-30,11.05,263.2,0.46
2020-07-31,9.16,260.65,0.58
2020-08-01,7.67,260.71,0.6
2020-08-02,1.64,260.69,0.49
2020-08-03,2.36,261.77,0.5
2020-08-04,1.14,258.04,0.5
2020-08-05,0.0,259.24,0.55
2020-08-06,0.0,259.2,0.61
2020-08-07,0.0,259.98,0.59
2020-08-08,0.0,258.48,0.83
2020-08-09,2.63,262.69,0.83
2020-08-10,8.08,261.79,0.86
2020-08-11,19.9,260.61,0.87
2020-08-12,21.46,260.39,0.86
2020-08-13,22.46,261.31,0.88
2020-08-14,24.68,258.72,0.92
2020-08-15,27.17,268.89,0.92
2020-08-16,30.77,267.84,0.9
2020-08-17,30.61,267.31,0.91
2020-08-18,33.1,270.06,0.88
2020-08-19,25.46,271.1,0.64
2020-08-20,26.8,268.4,0.5
2020-08-21,28.01,266.93,0.4
2020-08-22,33.86,261.77,0.36
2020-08-23,42.23,259.94,0.61
2020-08-24,48.29,261.47,0.93
2020-08-25,48.73,263.64,0.99
2020-08-26,43.56,267.58,1.01
2020-08-27,45.38,268.98,1.01
2020-08-28,56.77,268.62,0.97
2020-08-29,60.66,269.84,0.72
2020-08-30,65.31,269.41,0.51
2020-08-31,65.28,268.63,0.4
2020-09-01,59.59,266.71,0.37
2020-09-02,60.5,266.28,0.51
2020-09-03,68.44,266.9,0.72
2020-09-04,67.37,265.26,0.9
2020-09-05,62.48,264.8,0.98
2020-09-06,60.91,259.38,1.0
2020-09-07,58.55,259.78,1.02
2020-09-08,56.59,253.92,1.27
2020-09-09,56.73,259.05,1.65
2020-09-10,50.08,258.19,1.76
2020-09-11,44.34,258.82,1.89
2020-09-12,43.42,258.82,2.06
2020-09-13,42.33,263.24,2.13
2020-09-14,38.83,261.13,2.18
2020-09-15,32.63,263.53,2.0
2020-09-16,26.06,261.01,2.06
2020-09-17,16.5,259.48,2.04
2020-09-18,14.58,260.41,2.04
2020-09-19,22.9,260.17,2.09
2020-09-20,28.77,259.03,2.08
2020-09-21,23.08,253.59,2.16
2020-09-22,22.39,265.69,2.24
2020-09-23,15.68,269.2,2.15
2020-09-24,14.06,265.17,2.12
2020-09-25,13.24,266.44,1.98
2020-09-26,15.63,269.2,1.89
2020-09-27,17.28,268.52,1.81
2020-09-28,22.34,267.48,1.71
2020-09-29,23.99,269.6,1.69
2020-09-30,31.39,270.08,1.7
2020-10-01,33.43,267.14,1.39
2020-10-02,31.42,270.79,1.12
2020-10-03,30.91,271.88,0.93
2020-10-04,25.67,269.5,0.98
2020-10-05,22.43,268.19,0.88
2020-10-06,17.56,269.04,0.85
2020-10-07,18.62,268.74,0.97
2020-10-08,18.37,270.34,0.99
2020-10-09,15.61,268.47,1.05
2020-10-10,7.67,271.91,1.11
2020-10-11,6.99,273.24,1.03
2020-10-12,5.6,275.5,0.99
2020-10-13,11.72,276.1,0.65
2020-10-14,12.88,275.59,0.28
2020-10-15,12.15,274.79,0.0
2020-10-16,13.77,272.83,0.0
2020-10-17,12.69,274.94,0.0
2020-10-18,13.17,273.36,0.0
2020-10-19,18.4,275.9,0.0
2020-10-20,17.74,274.66,0.0
2020-10-21,17.39,274.14,0.0
2020-10-22,14.34,274.85,0.0
2020-10-23,12.07,276.1,0.0
2020-10-24,10.63,277.83,0.0
2020-10-25,7.05,274.72,0.0
2020-10-26,4.9,275.5,0.0
2020-10-27,4.07,275.95,0.0
2020-10-28,3.09,274.36,0.0
2020-10-29,3.31,278.46,0.0
2020-10-30,0.83,276.91,0.0
2020-10-31,0.0,274.55,0.0
2020-11-01,0.17,273.15,0.0
2020-11-02,0.63,275.1,0.0
2020-11-03,3.53,275.29,0.0
2020-11-04,0.81,274.83,0.0
2020-11-05,0.0,276.3,0.0
2020-11-06,1.94,273.33,0.0
2020-11-07,0.0,273.84,0.0
2020-11-08,0.57,275.13,0.0
2020-11-09,2.74,274.82,0.0
2020-11-10,2.7,276.24,0.04
2020-11-11,0.0,275.72,0.0
2020-11-12,0.0,275.75,0.0
2020-11-13,0.0,274.24,0.0
2020-11-14,0.0,276.91,0.0
2020-11-15,2.57,274.94,0.0
2020-11-16,0.63,274.61,0.0
2020-11-17,0.08,275.53,0.0
2020-11-18,1.64,274.52,0.0
2020-11-19,2.44,274.76,0.0
2020-11-20,0.22,273.5,0.0
2020-11-21,1.7,274.1,0.0
2020-11-22,0.0,274.77,0.0
2020-11-23,0.0,276.42,0.0
2020-11-24,0.69,272.03,0.0
2020-11-25,0.0,273.18,0.0
2020-11-26,0.51,273.06,0.0
2020-11-27,0.0,271.24,0.0
2020-11-28,1.9,273.98,0.0
2020-11-29,0.23,273.18,0.0
2020-11-30,1.63,273.3,0.0
2020-12-01,0.0,273.52,0.0
2020-12-02,0.0,273.24,0.0
2020-12-03,0.1,273.26,0.0
2020-12-04,0.88,273.14,0.0
2020-12-05,0.0,272.9,0.0
2020-12-06,0.0,273.45,0.0
2020-12-07,2.59,274.85,0.0
2020-12-08,2.33,271.84,0.0
2020-12-09,1.71,273.44,0.0
2020-12-10,0.63,273.87,0.0
2020-12-11,0.0,273.77,0.0
2020-12-12,0.0,272.78,0.0
2020-12-13,1.12,272.71,0.0
2020-12-14,1.48,274.42,0.0
2020-12-15,0.99,273.44,0.0
2020-12-16,0.07,273.7,0.0
2020-12-17,0.12,273.15,0.0
2020-12-18,0.41,272.34,0.0
2020-12-19,1.03,274.37,0.0
2020-12-20,0.3,274.1,0.0
2020-12-21,0.0,273.46,0.0
2020-12-22,0.22,269.3,0.0
2020-12-23,0.08,269.0,0.61
2020-12-24,0.86,274.39,0.29
2020-12-25,0.0,274.04,0.0
2020-12-26,0.0,273.87,0.0
2020-12-27,0.06,272.87,0.0
2020-12-28,0.0,273.01,0.0
2020-12-29,0.0,273.58,0.0
2020-12-30,0.0,271.78,0.0
2020-12-31,0.0,273.43,0.0
2021-01-01,0.37,273.55,0.02
2021-01-02,0.0,272.91,0.0
2021-01-03,0.47,273.6,0.0
2021-01-04,0.98,272.7,0.0
2021-01-05,0.0,271.55,0.0
2021-01-06,0.12,273.72,0.0
2021-01-07,0.0,273.0,0.0
2021-01-08,0.0,273.22,0.0
2021-01-09,0.19,273.11,0.0
2021-01-10,0.0,272.61,0.02
2021-01-11,4.63,273.12,0.02
2021-01-12,0.4,274.49,0.0
2021-01-13,0.0,275.06,0.0
2021-01-14,1.41,275.0,0.0
2021-01-15,1.3,274.7,0.0
2021-01-16,0.65,273.25,0.0
2021-01-17,0.1,274.23,0.0
2021-01-18,0.37,273.68,0.0
2021-01-19,0.34,273.21,0.0
2021-01-20,0.4,273.89,0.0
2021-01-21,0.06,273.62,0.0
2021-01-22,0.0,274.05,0.0
2021-01-23,0.06,274.19,0.0
2021-01-24,0.0,273.79,0.0
2021-01-25,1.85,274.66,0.0
2021-01-26,0.0,274.18,0.0
2021-01-27,0.0,274.86,0.0
2021-01-28,0.0,274.29,0.0
2021-01-29,0.0,275.0,0.0
2021-01-30,0.34,274.5,0.0
2021-01-31,2.08,274.92,0.0
2021-02-01,0.0,274.71,0.0
2021-02-02,0.46,274.55,0.0
2021-02-03,0.66,274.78,0.0
2021-02-04,0.34,273.14,0.0
2021-02-05,0.26,273.8,0.0
2021-02-06,0.55,273.28,0.0
2021-02-07,0.0,274.09,0.0
2021-02-08,1.74,274.36,0.0
2021-02-09,0.23,273.84,0.0
2021-02-10,0.0,273.52,0.0
2021-02-11,0.0,274.29,0.0
2021-02-12,0.0,273.96,0.0
2021-02-13,0.12,273.66,0.0
2021-02-14,0.1,273.58,0.0
2021-02-15,0.0,272.46,0.0
2021-02-16,0.0,274.0,0.0
2021-02-17,0.0,273.9,0.0
2021-02-18,0.0,272.51,0.05
2021-02-19,0.56,275.0,0.05
2021-02-22,0.5,274.21,0.01
2021-02-23,0.0,275.59,0.0
2021-02-24,0.91,274.19,0.0
2021-02-25,0.0,273.73,0.0
2021-02-26,1.3,274.69,0.0
2021-02-27,0.0,274.5,0.0
2021-02-28,0.0,273.58,0.0
2021-03-01,2.44,274.27,0.0
2021-03-02,0.47,275.08,0.0
2021-03-03,2.19,274.11,0.0
2021-03-04,0.0,274.2,0.0
2021-03-05,0.25,273.71,0.0
2021-03-06,0.0,273.43,0.0
2021-03-07,0.0,273.28,0.0
2021-03-08,0.3,273.98,0.0
2021-03-09,0.0,274.57,0.0
2021-03-10,0.0,274.18,0.0
2021-03-11,0.0,274.42,0.0
2021-03-12,0.0,274.25,0.0
2021-03-13,2.98,275.25,0.0
2021-03-14,2.4,274.03,0.0
2021-03-15,0.0,274.56,0.0
2021-03-16,3.21,274.25,0.0
2021-03-17,3.13,272.88,0.0
2021-03-18,2.37,274.6,0.0
2021-03-19,0.0,273.11,0.0
2021-03-20,0.0,274.26,0.0
2021-03-21,0.0,272.56,0.0
2021-03-22,0.33,270.86,0.0
2021-03-23,0.68,274.42,0.0
2021-03-24,0.18,274.89,0.0
2021-03-25,0.0,274.08,0.0
2021-03-26,0.0,273.79,0.0
2021-03-27,0.0,272.11,0.0
2021-03-28,0.0,271.51,0.0
2021-03-29,0.0,274.12,0.01
2021-03-30,0.0,274.9,0.01
2021-03-31,0.76,272.41,0.01
2021-04-01,0.0,273.63,0.04
2021-04-02,0.47,274.09,0.0
2021-04-03,0.84,274.32,0.0
2021-04-04,0.17,273.46,0.0
2021-04-05,0.44,273.53,0.0
2021-04-06,0.0,273.02,0.0
2021-04-07,0.21,271.91,0.0
2021-04-08,1.32,273.47,0.0
2021-04-09,0.0,274.16,0.0
2021-04-10,0.0,273.13,0.0
2021-04-11,0.0,274.2,0.0
2021-04-12,0.26,274.1,0.0
2021-04-13,0.0,273.62,0.0
2021-04-14,0.0,273.6,0.0
2021-04-15,0.0,273.75,0.0
2021-04-16,0.0,273.09,0.0
2021-04-17,0.0,270.08,0.0
2021-04-18,0.0,274.31,0.0
2021-04-19,0.0,270.73,0.0
2021-04-20,0.9,272.46,0.03
2021-04-21,0.0,274.05,0.03
2021-04-22,0.73,274.25,0.03
2021-04-23,0.17,272.49,0.0
2021-04-24,0.1,273.56,0.0
2021-04-25,0.0,268.44,0.02
2021-04-26,0.0,272.04,0.0
2021-04-27,0.0,272.62,0.0
2021-04-28,0.0,272.98,0.0
2021-04-29,1.21,274.39,0.0
2021-04-30,0.0,271.78,0.0
2021-05-01,0.0,274.17,0.0
2021-05-02,0.0,273.41,0.0
2021-05-03,0.0,274.06,0.0
2021-05-04,0.0,272.63,0.0
2021-05-05,0.0,271.82,0.03
2021-05-06,0.0,269.48,0.04
2021-05-07,0.0,269.71,0.04
2021-05-08,0.0,268.44,0.13
2021-05-09,0.0,269.71,0.2
2021-05-10,0.0,263.95,0.26
2021-05-11,0.0,270.25,0.26
2021-05-12,0.0,271.22,0.27
2021-05-13,0.0,271.7,0.3
2021-05-14,0.0,273.42,0.25
2021-05-15,0.0,273.59,0.19
2021-05-16,0.81,271.92,0.13
2021-05-17,0.0,269.75,0.11
2021-05-18,0.0,268.61,0.12
2021-05-19,0.0,271.58,0.09
2021-05-20,1.97,269.19,0.12
2021-05-21,0.0,269.59,0.21
2021-05-22,0.0,269.67,0.29
2021-05-23,0.0,267.12,0.31
2021-05-24,0.0,267.09,0.36
2021-05-25,1.34,263.8,0.32
2021-05-26,0.0,265.24,0.4
2021-05-27,0.0,267.97,0.39
2021-05-28,0.0,269.63,0.36
2021-05-29,0.0,269.96,0.37
2021-05-30,1.64,273.93,0.21
2021-05-31,2.54,274.22,0.11
2021-06-01,2.57,269.48,0.05
2021-06-02,3.37,263.6,0.06
2021-06-03,4.12,269.25,0.05
2021-06-04,2.8,269.89,0.07
2021-06-05,2.29,268.82,0.09
2021-06-06,3.93,269.26,0.1
2021-06-07,5.61,268.7,0.13
2021-06-08,6.04,271.35,0.14
2021-06-09,4.72,272.52,0.12
2021-06-10,10.77,270.77,0.1
2021-06-11,8.19,268.54,0.09
2021-06-12,9.53,267.11,0.08
2021-06-13,8.37,269.96,0.1
2021-06-14,6.87,267.51,0.1
2021-06-15,8.0,265.64,0.12
2021-06-16,8.41,262.99,0.17
2021-06-17,7.81,264.04,0.19
2021-06-18,7.74,263.22,0.2
2021-06-19,7.96,264.84,0.2
2021-06-20,7.12,268.04,0.22
2021-06-21,9.35,264.23,0.21
2021-06-22,2.5,267.15,0.21
2021-06-23,1.72,265.63,0.2
2021-06-24,0.83,264.8,0.46
2021-06-25,0.48,266.94,0.63
2021-06-26,3.31,264.91,0.58
2021-06-27,3.83,264.77,0.24
2021-06-28,2.08,262.37,0.24
2021-06-29,1.68,263.61,0.16
2021-06-30,2.74,262.75,0.17
2021-07-01,1.24,261.32,0.2
2021-07-02,0.19,264.18,0.22
2021-07-03,0.0,264.09,0.23
2021-07-04,0.0,265.02,0.22
2021-07-05,0.27,264.02,0.27
2021-07-06,0.61,264.53,0.31
2021-07-07,0.54,261.12,0.31
2021-07-08,3.01,263.78,0.32
2021-07-09,0.44,262.56,0.37
2021-07-10,0.0,261.01,0.37
2021-07-11,7.72,256.83,0.44
2021-07-12,8.72,259.31,0.6
2021-07-13,14.22,254.37,0.51
2021-07-14,16.12,267.77,0.68
2021-07-15,15.86,263.54,0.68
2021-07-16,14.17,269.77,0.72
2021-07-17,12.47,263.1,0.73
2021-07-18,10.62,260.01,0.55
2021-07-19,8.63,259.25,0.45
2021-07-20,11.67,254.58,0.43
2021-07-21,16.14,255.63,0.43
2021-07-22,17.96,256.43,0.45
2021-07-23,19.02,253.57,0.48
2021-07-24,17.86,252.27,0.59
2021-07-25,15.63,253.08,0.69
2021-07-26,12.95,254.76,1.04
2021-07-27,15.23,255.49,1.04
2021-07-28,15.57,257.66,1.14
2021-07-29,13.01,262.4,1.19
2021-07-30,11.27,257.48,1.11
2021-07-31,11.77,260.14,0.88
2021-08-01,9.48,255.72,0.91
2021-08-02,8.07,261.83,0.8
2021-08-03,7.6,256.44,0.97
2021-08-04,9.38,259.59,0.89
2021-08-05,12.97,259.24,0.9
2021-08-06,10.33,257.5,0.97
2021-08-07,11.78,256.3,1.04
2021-08-08,14.97,264.62,0.91
2021-08-09,13.75,262.31,0.88
2021-08-10,14.81,257.53,0.88
2021-08-11,16.14,255.31,0.96
2021-08-12,8.14,257.12,1.07
2021-08-13,15.96,256.93,1.1
2021-08-14,19.68,257.52,1.23
2021-08-15,14.63,257.32,1.32
2021-08-16,18.17,261.49,1.32
2021-08-17,19.53,264.13,1.32
2021-08-18,20.11,265.03,1.29
2021-08-19,25.75,266.62,1.15
2021-08-20,30.22,263.07,0.96
2021-08-21,31.09,257.67,0.96
2021-08-22,32.4,257.86,0.98
2021-08-23,24.44,258.05,1.2
2021-08-24,21.09,257.31,1.36
2021-08-25,12.62,257.01,1.43
2021-08-26,8.25,259.17,1.58
2021-08-27,5.7,263.0,1.73
2021-08-28,4.86,260.67,1.8
2021-08-29,2.18,257.42,1.87
2021-08-30,1.71,258.14,1.91
2021-08-31,0.58,259.77,1.98
2021-09-01,1.82,253.71,2.06
2021-09-02,1.59,252.91,2.18
2021-09-03,1.6,253.97,2.18
2021-09-04,0.0,254.46,2.37
2021-09-05,0.0,255.43,2.51
2021-09-06,0.25,257.16,2.53
2021-09-07,0.0,258.94,2.54
2021-09-08,0.0,261.52,2.44
2021-09-09,0.0,263.43,2.26
2021-09-10,0.0,268.06,2.14
2021-09-11,0.29,267.9,2.01
2021-09-12,0.0,263.94,1.76
2021-09-13,0.37,265.07,1.62
2021-09-14,0.3,265.65,1.61
2021-09-15,0.03,265.43,1.57
2021-09-16,0.0,263.92,1.56
2021-09-17,0.41,262.25,1.68
2021-09-18,0.0,258.08,1.79
2021-09-19,1.5,259.59,1.92
2021-09-20,0.0,260.84,2.12
2021-09-21,0.0,262.37,2.36
2021-09-22,0.17,260.21,2.55
2021-09-23,0.0,265.36,2.57
2021-09-24,0.5,266.45,2.56
2021-09-25,0.0,265.44,2.45
2021-09-26,0.0,264.39,2.39
2021-09-27,0.0,265.72,2.33
2021-09-28,0.0,265.59,2.19
2021-09-29,0.0,268.98,1.89
2021-09-30,0.0,270.44,1.64
2021-10-01,0.0,271.61,1.59
2021-10-02,0.0,270.64,1.52
2021-10-03,0.0,271.56,1.0
2021-10-04,1.41,274.14,0.77
2021-10-05,0.0,272.21,0.61
2021-10-06,0.0,275.69,0.35
2021-10-07,0.0,269.89,0.28
2021-10-08,0.0,272.04,0.18
2021-10-09,2.8,273.12,0.16
2021-10-10,0.0,274.82,0.1
2021-10-11,0.34,274.58,0.1
2021-10-12,0.0,274.81,0.0
2021-10-13,0.0,275.3,0.0
2021-10-14,0.46,274.32,0.0
2021-10-15,1.48,272.96,0.0
2021-10-16,0.55,272.87,0.0
2021-10-17,2.4,271.29,0.12
2021-10-18,1.42,274.26,0.12
2021-10-19,0.54,275.24,0.12
2021-10-20,0.0,265.88,0.12
2021-10-21,0.0,271.86,0.2
2021-10-22,0.0,274.03,0.28
2021-10-23,0.18,272.51,0.2
2021-10-24,0.0,273.34,0.12
2021-10-25,0.0,273.79,0.12
2021-10-26,0.61,276.73,0.0
2021-10-27,0.0,274.79,0.0
2021-10-28,0.0,271.28,0.0
2021-10-29,0.0,275.02,0.0
2021-10-30,1.68,273.81,0.0
2021-10-31,0.0,274.53,0.0
2021-11-01,0.0,276.09,0.0
2021-11-02,0.0,275.34,0.0
2021-11-03,0.0,276.24,0.0
2021-11-04,0.0,275.45,0.0
2021-11-05,0.63,273.33,0.0
2021-11-06,0.0,275.03,0.0
2021-11-07,1.02,274.26,0.0
2021-11-08,0.21,272.49,0.04
2021-11-09,0.11,273.69,0.0
2021-11-10,0.06,274.52,0.0
2021-11-11,0.98,273.68,0.0
2021-11-12,0.0,274.2,0.0
2021-11-13,0.0,274.04,0.0
2021-11-14,0.0,272.36,0.0
2021-11-15,2.18,273.6,0.0
2021-11-16,1.32,273.84,0.0
2021-11-17,1.63,274.24,0.0
2021-11-18,0.22,273.18,0.0
2021-11-19,0.99,272.05,0.07
2021-11-20,0.88,275.13,0.07
2021-11-21,1.38,275.13,0.04
2021-11-22,0.19,274.84,0.0
2021-11-23,0.01,275.24,0.0
2021-11-24,0.3,273.07,0.0
2021-11-25,0.03,272.72,0.0
2021-11-26,0.0,272.95,0.0
2021-11-27,0.0,274.11,0.03
2021-11-28,0.0,271.8,0.03
2021-11-29,0.0,272.15,0.03
2021-11-30,0.47,273.86,0.03
2021-12-01,0.0,273.41,0.03
2021-12-02,0.65,272.81,0.0
2021-12-03,0.68,272.04,0.0
2021-12-04,0.26,275.77,0.0
2021-12-05,0.0,273.94,0.0
2021-12-06,1.12,272.86,0.0
2021-12-07,0.87,274.94,0.0
2021-12-08,1.66,275.28,0.0
2021-12-09,0.0,273.67,0.0
2021-12-10,0.86,271.65,0.0
2021-12-11,0.0,273.5,0.0
2021-12-12,1.01,269.71,0.0
2021-12-13,3.2,272.53,0.0
2021-12-14,2.11,274.04,0.0
2021-12-15,2.68,271.5,0.0
2021-12-16,4.07,271.35,0.0
2021-12-17,2.86,274.26,0.0
2021-12-18,0.0,273.77,0.0
2021-12-19,2.55,273.81,0.0
2021-12-20,2.43,273.26,0.0
2021-12-21,0.36,273.5,0.0
2021-12-22,2.66,273.92,0.0
2021-12-23,3.2,273.17,0.0
2021-12-24,0.21,273.8,0.0
2021-12-25,0.0,272.76,0.53
2021-12-26,0.0,273.44,0.43
2021-12-27,0.0,274.21,0.0
2021-12-28,2.91,273.73,0.0
2021-12-29,6.92,273.24,0.0
2021-12-30,0.0,272.32,0.0
2021-12-31,1.57,273.4,0.0
2022-01-01,2.66,274.3,0.0
2022-01-02,1.89,275.9,0.0
2022-01-03,0.0,277.24,0.0
2022-01-04,0.79,271.33,0.0
2022-01-05,0.12,274.47,0.0
2022-01-06,0.0,276.69,0.0
2022-01-07,0.15,275.15,0.0
2022-01-08,0.0,274.16,0.0
2022-01-09,0.0,273.74,0.0
2022-01-10,1.43,274.02,0.0
2022-01-11,1.9,273.63,0.0
2022-01-12,0.0,274.18,0.0
2022-01-13,0.0,274.85,0.0
2022-01-14,0.0,273.73,0.0
2022-01-15,0.0,272.25,0.0
2022-01-16,0.0,273.99,0.0
2022-01-17,0.94,272.52,0.0
2022-01-18,0.0,272.83,0.0
2022-01-19,3.37,273.38,0.0
2022-01-20,0.0,274.99,0.0
2022-01-21,0.0,273.85,0.0
2022-01-22,0.21,274.67,0.0
2022-01-23,0.08,271.96,0.0
2022-01-24,0.68,274.28,0.0
2022-01-25,0.0,274.98,0.0
2022-01-26,1.19,274.7,0.0
2022-01-27,0.0,274.48,0.0
2022-01-28,0.1,272.54,0.0
2022-01-29,0.41,273.94,0.0
2022-01-30,0.0,273.71,0.0
2022-01-31,0.0,273.89,0.0
2022-02-01,0.0,273.78,0.0
2022-02-02,0.5,273.31,0.0
2022-02-03,1.71,273.8,0.0
2022-02-04,2.07,274.42,0.0
2022-02-05,0.0,274.49,0.0
2022-02-06,0.0,274.42,0.0
2022-02-07,0.0,273.67,0.0
2022-02-08,0.0,273.45,0.0
2022-02-09,0.0,273.51,0.0
2022-02-10,0.92,274.12,0.0
2022-02-11,1.3,275.14,0.0
2022-02-12,1.1,274.43,0.0
2022-02-13,1.46,274.68,0.0
2022-02-14,1.3,275.6,0.0
2022-02-15,0.0,274.41,0.0
2022-02-16,0.0,274.1,0.0
2022-02-17,1.57,273.68,0.0
2022-02-18,0.86,272.27,0.0
2022-02-19,2.58,274.01,0.0
2022-02-20,0.94,274.39,0.0
2022-02-21,0.0,273.4,0.0
2022-02-22,0.0,276.35,0.0
2022-02-23,1.83,275.29,0.0
2022-02-24,0.0,275.98,0.0
2022-02-25,1.31,274.5,0.0
2022-02-26,0.86,271.38,0.0
2022-02-27,0.0,273.32,0.0
2022-02-28,0.17,274.35,0.0
2022-03-01,0.7,273.28,0.0
2022-03-02,0.36,274.1,0.0
2022-03-03,0.47,274.11,0.0
2022-03-04,0.23,275.28,0.0
2022-03-05,0.0,274.9,0.0
2022-03-06,0.0,275.01,0.0
2022-03-07,0.11,274.05,0.0
2022-03-08,0.03,273.6,0.0
2022-03-09,0.0,270.59,0.0
2022-03-10,0.01,267.8,0.0
2022-03-11,0.4,275.97,0.0
2022-03-12,0.0,276.43,0.0
2022-03-13,0.0,276.06,0.0
2022-03-14,6.1,272.24,0.0
2022-03-15,1.38,275.22,0.0
2022-03-16,1.14,274.59,0.0
2022-03-17,0.0,274.6,0.0
2022-03-18,0.0,274.42,0.0
2022-03-19,0.0,272.9,0.0
2022-03-20,0.0,274.12,0.0
2022-03-21,2.87,274.09,0.0
2022-03-22,0.0,272.89,0.0
2022-03-23,2.91,275.14,0.0
2022-03-24,0.0,275.13,0.0
2022-03-25,0.06,273.61,0.0
2022-03-26,0.0,274.07,0.0
2022-03-27,0.3,274.11,0.0
2022-03-28,3.19,274.55,0.0
2022-03-29,0.28,272.54,0.0
2022-03-30,0.0,272.06,0.0
2022-03-31,0.0,273.14,0.0
2022-04-01,0.0,273.23,0.0
2022-04-02,0.0,273.54,0.0
2022-04-03,0.0,273.61,0.0
2022-04-04,0.0,273.94,0.0
2022-04-05,0.68,272.61,0.0
2022-04-06,0.0,273.83,0.0
2022-04-07,0.0,274.2,0.0
2022-04-08,0.0,273.39,0.0
2022-04-09,0.0,274.64,0.0
2022-04-10,0.0,273.07,0.0
2022-04-11,0.0,273.47,0.0
2022-04-12,0.0,274.19,0.0
2022-04-13,0.0,272.6,0.0
2022-04-14,0.23,271.4,0.0
2022-04-15,0.0,273.49,0.0
2022-04-16,0.0,272.9,0.02
2022-04-17,0.07,272.76,0.0
2022-04-18,0.0,273.48,0.0
2022-04-19,0.0,273.59,0.0
2022-04-20,0.0,269.48,0.03
2022-04-21,0.0,268.98,0.06
2022-04-22,0.03,266.06,0.11
2022-04-23,0.43,267.88,0.39
2022-04-24,0.0,274.24,0.35
2022-04-25,4.41,271.73,0.47
2022-04-26,1.52,272.51,0.59
2022-04-27,0.0,274.23,0.24
2022-04-28,0.58,273.87,0.02
2022-04-29,0.0,273.68,0.04
2022-04-30,0.0,270.33,0.04
2022-05-01,0.0,272.95,0.06
2022-05-02,0.0,273.83,0.04
2022-05-03,1.02,271.13,0.04
2022-05-04,0.55,270.63,0.08
2022-05-05,0.0,274.04,0.08
2022-05-06,0.0,271.14,0.06
2022-05-07,3.06,270.35,0.07
2022-05-08,15.14,262.8,0.14
2022-05-09,14.72,272.5,0.24
2022-05-10,8.87,272.73,0.03
2022-05-11,5.43,270.91,0.15
2022-05-12,3.54,272.2,0.2
2022-05-13,2.61,272.57,0.13
2022-05-14,2.61,269.29,0.48
2022-05-15,0.0,270.44,0.16
2022-05-16,0.0,270.39,0.24
2022-05-17,4.07,264.7,0.52
2022-05-18,0.22,274.28,0.26
2022-05-19,0.0,270.49,0.15
2022-05-20,0.41,265.65,0.2
2022-05-21,0.0,266.01,0.16
2022-05-22,0.55,265.8,0.25
2022-05-23,0.0,265.99,0.42
2022-05-24,0.01,264.88,0.42
2022-05-25,1.48,264.03,0.44
2022-05-26,0.22,265.8,0.51
2022-05-27,0.0,265.32,0.55
2022-05-28,0.21,266.3,0.6
2022-05-29,0.11,265.42,0.67
2022-05-30,0.4,265.94,0.72
2022-05-31,1.17,266.54,0.63
2022-06-01,0.1,264.98,0.61
2022-06-02,0.0,264.72,0.44
2022-06-03,0.0,261.73,0.36
2022-06-04,0.0,266.38,0.35
2022-06-05,0.0,264.97,0.34
2022-06-06,0.0,263.54,0.32
2022-06-07,0.0,263.41,0.32
2022-06-08,0.0,259.52,0.26
2022-06-09,0.0,266.08,0.23
2022-06-10,0.0,270.02,0.22
2022-06-11,0.0,269.78,0.21
2022-06-12,0.0,268.06,0.22
2022-06-13,0.0,268.47,0.22
2022-06-14,0.72,268.99,0.25
2022-06-15,0.0,270.54,0.22
2022-06-16,0.51,270.37,0.2
2022-06-17,0.0,272.69,0.15
2022-06-18,0.51,267.21,0.1
2022-06-19,4.36,265.66,0.08
2022-06-20,4.73,264.17,0.07
2022-06-21,7.93,266.36,0.05
2022-06-22,9.2,266.47,0.07
2022-06-23,8.73,266.5,0.08
2022-06-24,9.6,270.23,0.09
2022-06-25,7.75,270.99,0.09
2022-06-26,4.46,273.03,0.11
2022-06-27,13.74,273.18,0.07
2022-06-28,8.22,272.96,0.06
2022-06-29,9.68,273.89,0.04
2022-06-30,9.66,274.33,0.01
2022-07-01,10.9,274.96,0.0
2022-07-02,12.76,266.78,0.0
2022-07-03,10.1,265.85,0.0
2022-07-04,7.54,266.73,0.02
2022-07-05,7.21,267.46,0.05
2022-07-06,6.43,270.03,0.07
2022-07-07,4.65,270.99,0.08
2022-07-08,5.7,271.56,0.09
2022-07-09,5.17,273.33,0.07
2022-07-10,7.96,272.22,0.03
2022-07-11,6.41,273.83,0.02
2022-07-12,6.26,273.83,0.02
2022-07-13,9.61,270.43,0.01
2022-07-14,13.16,269.33,0.02
2022-07-15,9.08,274.39,0.02
2022-07-16,6.95,267.72,0.02
2022-07-17,1.32,269.74,0.02
2022-07-18,0.97,272.52,0.02
2022-07-19,2.98,268.97,0.05
2022-07-20,11.88,268.41,0.07
2022-07-21,16.29,269.67,0.05
2022-07-22,17.08,268.49,0.08
2022-07-23,15.83,272.06,0.08
2022-07-24,12.9,266.8,0.09
2022-07-25,8.48,272.85,0.09
2022-07-26,9.81,270.66,0.1
2022-07-27,4.92,270.23,0.1
2022-07-28,3.14,262.57,0.12
2022-07-29,2.92,261.3,0.17
2022-07-30,7.75,259.39,0.25
2022-07-31,15.67,260.23,0.48
2022-08-01,9.92,264.63,0.66
2022-08-02,7.12,269.16,0.68
2022-08-03,6.17,259.74,0.72
2022-08-04,7.46,261.57,0.78
2022-08-05,7.23,260.16,0.69
2022-08-06,8.74,258.82,0.7
2022-08-07,4.25,261.05,0.6
2022-08-08,2.01,261.6,0.55
2022-08-09,0.94,255.62,0.76
2022-08-10,0.81,265.72,0.79
2022-08-11,0.15,259.69,0.84
2022-08-12,0.0,259.71,0.9
2022-08-13,0.03,257.66,0.99
2022-08-14,5.21,258.62,1.14
2022-08-15,9.35,260.97,1.3
2022-08-16,9.63,263.63,1.14
2022-08-17,8.98,266.9,1.09
2022-08-18,3.48,267.01,0.94
2022-08-19,1.57,268.72,0.7
2022-08-20,2.03,264.78,0.59
2022-08-21,3.75,266.49,0.47
2022-08-22,2.86,260.75,0.47
2022-08-23,0.0,263.03,0.83
2022-08-24,0.0,263.99,0.83
2022-08-25,0.0,264.76,1.02
2022-08-26,0.47,261.12,1.11
2022-08-27,1.48,269.08,1.19
2022-08-28,1.84,260.83,1.44
2022-08-29,3.3,266.24,1.42
2022-08-30,1.92,266.46,1.37
2022-08-31,0.0,266.09,1.44
2022-09-01,0.0,268.91,1.36
2022-09-02,0.0,271.57,1.07
2022-09-03,0.03,271.31,0.88
2022-09-04,0.0,274.14,0.55
2022-09-05,0.08,271.47,0.44
2022-09-06,7.5,270.44,0.4
2022-09-07,4.77,265.93,0.35
2022-09-08,1.74,268.18,0.29
2022-09-09,2.95,266.17,0.5
2022-09-10,0.23,263.2,0.83
2022-09-11,0.0,257.01,1.14
2022-09-12,0.0,256.56,1.44
2022-09-13,0.0,260.59,1.77
2022-09-14,0.0,260.94,2.1
2022-09-15,0.0,266.51,2.11
